stop_id,stop_name
1,කොළඹ
2,මාලිගාවත්ත
3,කැළණිතිස්ස
4,4 කණුව/බියගම පාර
5,තොරණ හන්දිය
6,කැළණිය විශ්ව විද්‍යාලය
7,කිරිබත්ගොඩ
8,මහර හන්දිය
9,කඩවත
10,ගෝනහේන හංදිය
11,ඉඳිගහමුල හංදිය
12,කිරිල්ලවල
13,ට‍්‍රැක්මෝ හංදිය
14,මුදුන්ගොඩ(පබාවී)
15,මිරිස්වත්ත
16,යක්කල
17,අළුත්ගම
18,කළගෙඩිහේන
19,තිහාරිය
20,නිට්ටඹුව සංඝබෝධි මහා විද්‍යාලය
21,නිට්ටඹුව
22,කලල්පිටිය
23,පස්යාල
24,කජුගම
25,රදාවඩුන්න
26,වේවැල්දෙණිය
27,දංඕවිට
28,දුම්මලදෙණිය
29,වරකාපොල
30,අඹේපුස්ස
31,මාහේන
32,තෝලංගමුව
33,ගස්නාව වත්ත හන්දිය
34,නෙළුම්දෙණිය
35,බටපොතැල්ල කන්දඋඩ
36,සියඹලාපිටිය
37,බල්ලපාන හන්දිය
38,ගලිගමුව
39,අඹන්පිටිය
40,රංවල හන්දිය
41,කෑගල්ල
42,මීපිටිය
43,කරඬුපොන
44,මොලගොඩ
45,මංගලගම
46,උතුවන්කන්ද
47,අන්වාරම
48,මාවනැල්ල
49,බෙලිගම්මන
50,හිඟුල
51,ගනේතැන්න
52,පහල කඩුගන්නාව
53,කඩුගන්නාව
54,හේනාවල (රෝහල පාර)
55,පිලිමතලාව
56,ඇඹිල්මීගම (යටිනුවර ප‍්‍රා.සභාව)
57,කිරිබත්කුඹුර
58,පේරාදෙණිය
59,ගැටඹේ
60,මුල්ගම්පොල
61,මහනුවර
62,මීගමුව
63,තෙල්වත්ත
64,කුරණ (පල්ලිය හංදිය)
65,20 කණුව (ගුවන් හමුදා කඳවුර)
66,18 කණුව (ගුවන්තොටුපල හංදිය)
67,ඇවරිවත්ත බස්නැවතුම්පල
68,නයිකන්ද මුදුන
69,ආඬ්අම්බලම හංදිය
70,පීල්ලවත්ත
71,යටියන හංදිය
72,මිනුවන්ගොඩ බස්නැවතුම්පල
73,වෑගොව්ව හංදිය
74,පමුණුව හංදිය
75,දෙවලපොල හංදිය
76,වල්පිටමුල්ල
77,නයිවල හංදිය
78,වටද්දර පන්සල
79,වේයන්ගොඩ බස්නැවතුම්පල
80,උදම්මිට
81,අශෝකාරාමය
82,පරගම්මන හන්දිය
83,මාතුර මහා විදුහල
84,භෙට්ටිමුල්ල හංදිය
85,5 කණුව (පීල්ල ලඟ)
86,මොරොන්තොට
87,මාබෝපිටිය හන්දිය
88,උඳුගොඩ නිකපිටිය හන්දිය
89,තන්නිමලේ
90,දෙමටගොඩ
91,බොරැල්ල
92,නාරාහේන්පිට
93,කප්පාගොඩ හන්දිය
94,දාස්වත්ත හන්දිය
95,උස්සාපිටිය
96,අළුපොත
97,පොලාඹේගොඩ
98,ගැවිලිපිටිය
99,දිප්පිටිය
100,හබලන්තොට හන්දිය
101,තල්ගස්පිටිය
102,පෙතිගම්මන 1 කණුව
103,භෙම්මාතගම
104,ගණිතපුර
105,තල්ලියද්ද
106,කෝන්ගොඩ හංදිය
107,නියදුරුපොල (ග‍්‍රාමීය බැංකුව)
108,හල්ලව (ශ‍්‍රී විදර්ශනාරාමය)
109,ගලපිටමඩ
110,දොරවක සිරිනිවාස විද්‍යාලය
111,ගල්අමුණ වෙලේ කඩේ
112,කොහොඹදෙණිය පාසල
113,මැණික්කඩවර
114,ඉඹුලෝවිට
115,නවම් මාවත
116,ග්ලාස් හවුස්
117,රේස් කෝස්
118,ජාවත්ත
119,18 කණුව (ගුවන් හමුදා කඳවුර)
120,ස්විස් හෝටලය
121,බූවැලිකඩ
122,තැන්නෙකුඹුර
123,කුණ්ඩසාලෙ
124,ගම්උදාව
125,පල්ලෙකැලේ හමුදා කඳවුර
126,බලගොල්ල
127,කෙංගල්ල
128,හේනාවල (කලාසිරිගම හංදිය)
129,මැණික්හින්න
130,ඉලුක්මෝදර
131,ගුරුදෙණිය
132,මාලිඟාතැන්න
133,හාරගම විදුහල
134,හාරගම ගොවිපොළ
135,පුබුදුගම පාර
136,තලාතුඔය පාර හන්දිය
137,කිවුල් ලිඳ
138,දිවුල්ගොල්ල
139,මයිලපිටිය කඩමණ්ඩිය
140,කන්ද හන්දිය
141,උණුවින්න (22 කිමි කණුව)
142,මාඔය හංදිය
143,පේරවංගුව (උනන්තැන්න පාර)
144,හඟුරන්කෙත බස්නැවතුම්පල
145,මාදන්වල රාජමහා විහාරය
146,කටුගස්හින්න කඩමණ්ඩිය
147,රිකිල්ලගස්කඩ
148,දෙනිකේ මහා විද්‍යාලය
149,කරඳගොල්ල පුස්තකාලය
150,දෙහිපේ විද්‍යාලය
151,කඳුරකඩේ (ගම්පහ බෙභෙත් ශාලාව)
152,පදියපැලැල්ල
153,ලඳුපිට 43 කිමි කණුව
154,ලදුපිට (44 කි.මි.කණුව)
155,මුං වත්ත (29 සැතපුම් කනුව)
156,ලියන්වල හන්දිය
157,ආඳාවල දිය ඇල්ල
158,මලපට්ටාව (50 කි.මි. කනුව)
159,නාරංතලාව හංදිය
160,වැවකැලේ (54 කි.මි.කනුව)
161,කුඹල්ගමුව පන්සල
162,කුඹල්ගමුව (දැලිවල ම.වි)
163,රෝහල් හංදිය(මහවැව පාර)
164,වලපනේ
165,වැල්හින්න(15 කණුව)
166,එගොඩකන්ද(නන්දාරාම ම.වි)
167,වැරැල්ල කඩමණ්ඩිය
168,නිල්දණ්ඩාහින්න
169,වලස්කැලේ 11 කිමි
170,රාසින්ගොල්ල හංදිය(තෙරිපැහැපාර)
171,දඹගොල්ල හංදිය
172,කොටඹේ(දිග්ගල විදුහල පාර)
173,පල්ලෙවෙල උ.තැ.කා
174,රූපහ
175,ගාලුමුවදොර
176,කොල්ලුපිටිය
177,බම්බලපිටිය
178,වැල්ලවත්ත
179,දෙහිවල
180,ගල්කිස්ස
181,රත්මලාන
182,කටුබැද්ද හංදිය
183,මොරටුව
184,කොරලවැල්ල (දුම්රිය ස්ථානය)
185,එගොඩඋයන (දුම්රිය ස්ථානය)
186,අළුත් පාලම
187,පානදුර
188,නල්ලුරුව හන්දිය
189,තල්පිටිය (වාද්දුව හොලිඩේ රිසෝට්)
190,වාද්දුව/මොරොන්තුඩුව පාර
191,මොල්ලිගොඩ/කොරොස්දූව පාර
192,පොතුපිටිය/වාලුකාරාමය
193,වාඩියමංකඩ/බණ්ඩාරගම පාර
194,නාගස් හන්දිය
195,කළුතර
196,කටුකුරුන්ද හංදිය
197,මලේගොඩ/දොඩම්ගොඩ පාර
198,පයාගල/නාගහතුඩුව
199,මග්ගොන/මුංහේන පාර
200,පොල්කොටුව/මාගල්කන්ද පාර
201,බේරුවල
202,මොරගල්ල තැ.කා
203,බෙන්තොට (කහඹිලියාකන්ද)
204,වරාහේන/දුම්රිය හරස්පාර
205,ඉඳුරුව දුම්රිය පොල
206,මහ ඉඳුරුව දුම්රියපොළ
207,දූව මෝදර/පොල්වත්ත පාර
208,කොස්ගොඩ
209,අහුංගල්ල/ඌරගහ පාර
210,පාතෙගම/ගොඩගෙදර හංදිය
211,බලපිටිය බස් නැවතුම්පළ
212,බලපිටිය රෝහල
213,රන්දොඹ සංඝරාජ විහාරය
214,අම්බලන්ගොඩ
215,මාදම්පෙ (උස්මුදුලාව)
216,අකුරල
217,කහව
218,සීනිගම
219,හික්කඩුව
220,නාරිගම
221,කුමාරකන්ද හන්දිය
222,දොඩන්දූව
223,රත්ගම
224,බූස්ස හමුදා කඳවුර
225,ගිංතොට
226,ගිංතොට ඩිපෝව
227,මහ මෝදර රෝහල
228,ගාල්ල බස් නැවතුම්පොල
229,මෝඩ ඇල
230,දෙවට හන්දිය
231,උණවටුන ගුරු විදුහල
232,දලවැල්ල
233,තල්පේ
234,හබරාදූව
235,කොග්ගල
236,කතළුව
237,වැල්හේන්ගොඩ
238,අහංගම
239,ගොවියාපාන
240,මිදිගම
241,කුඹල්ගම
242,වැලිගම බස් නැවතුම්පොල
243,පැලෑන ප‍්‍රාදේශ්‍රීය සභාව
244,පොල්අතුමෝදර
245,මිරිස්ස
246,තල්අරඹ පාසල
247,කඹුරුගමුව හන්දිය
248,වල්ගම
249,නූපේ
250,මාතර
251,ගාල්ල
252,කිරුළපන
253,දෙල්දූව(පුරාණ රජමහා විහාරය)
254,මාවල හන්දිය
255,මොරොන්තුඩුව හන්දිය
256,දැල්කඩ/අඹගස්ඕවිට
257,වෑවිට/මස්විල පාර
258,බණ්ඩාරගම
259,ගම්මන්පිල වැව
260,මැදගම
261,වැල්මිල්ල හංදිය
262,කිඳෙල්පිටිය හංදිය
263,බටුවන්දර හන්දිය
264,මාකන්දන හන්දිය
265,කැස්බෑව
266,පිලියන්දල
267,බෝකුන්දර
268,බොරලැස්ගමුව
269,පැපිලියාන
270,කොහුවල
271,පාමංකඩ
272,තිඹිරිගස්යාය
273,වෙලේවත්ත
274,තල්පාවිල
275,කැකුණදුර
276,බණ්ඩාරවත්ත
277,පරගහලඟ
278,අපරැක්ක
279,කඩවැද්දුම
280,යටියන
281,හිත්තැටිය (බණ්ඩාරණායක පිළිමය)
282,ගොඩගම හංදිය (සුල්තානාගොඩ පාර)
283,පාලටුව ජයන්ති පාලම
284,මාලිම්බඩ
285,වෙනියකුල
286,කද්දුව
287,ගණේගොඩ හංදිය
288,පරගොඩ උයන්ගොඩ මහා විද්‍යාලය
289,පරගහලඟ/ඉහල විටියල
290,කඹුරුපිටිය බස්නැවතුම්පල
291,ආඳපාන රෝහල
292,රන්සෑගොඩ හංදිය
293,රන්සෑගොඩ උතුර
294,මාකඳුර
295,බැරගම හංදිය
296,19 කණුව නිග්‍රෝධාරාමය පාර
297,මුලටියන හංදිය
298,නෙරලම්පිටිය හංදිය
299,දෙයියන්දර
300,කුලිගොඩ සුමන විදුහල
301,ගලගොඩ හංදිය
302,මීටියාගොඩ
303,තුඩාව
304,නාදුගල (ජල සම්පාදන මූලස්ථානය)
305,බන්ඩත්තර (නායිම්බල මහාවිද්‍යාලය)
306,තිහගොඩ
307,පලොල්පිටිය
308,අකුරුගොඩ
309,මාපලාන
310,කඹුරුපිටිය පොලිසිය
311,උපරතන විද්‍යාලය
312,ඊරියතොට මහා විද්‍යාලය
313,හොරපාවිට පන්සල
314,හොරපාවිට උප තැපැල් කාර්යාලය
315,බමුණුගම පන්සල
316,රදාවෙල
317,කඩේවත්ත හංදිය
318,දෙනිපිටිය හංදිය
319,වැලිහිඳ හන්දිය
320,උඩුකාව හංදිය
321,නාපෙ හංදිය/9 කිමි කණුව
322,තෙලිජ්ජවිල/මාතර පාර
323,කිරිමැටිමුල්ල
324,බොරළුකැටිය හංදිය
325,තුඹේ කෝංගල හංදිය
326,ට‍්‍රාන්ස්පෝමර හංදිය-ඕවිටිගමුව
327,7 කි.මි කණුව-ආයුර්වේද රෝහල
328,කිරින්ද
329,ආදාපාන රෝහල
330,රන්සෑගොඩ උතුර(ම.වි පාර)
331,මුලටියන කන්ද ආරණ්‍යය පාර
332,කුඩාපාන හංදිය(පිටබැද්දර පාර)
333,28 කිමි කණුව
334,මාවරල කඩපල
335,පිටකොටුව
336,ජේතවනාරාමය
337,තොටලඟ
338,පෑලියගොඩ (ඔලියමුල්ල බෝක්කුව)
339,වත්තල තැපැල් කාර්යාලය
340,මාබෝල
341,මහබාගෙ
342,කඳාන පොලීසිය
343,කපුවත්ත
344,ජාඇල බස් නැවතුම්පොල
345,තුඩැල්ල
346,දඩුගම
347,සීදූව
348,ලියනගේමුල්ල
349,පෙරියමුල්ල
350,දළුපත
351,දළුවකොටුව
352,කොච්චිකඩේ
353,තෝප්පුව හන්දිය
354,වයික්කාල
355,නයිනමඩම
356,දුම්මලදෙණිය (වෙන්නප්පුව ඩිපෝව)
357,වෙන්නප්පුව
358,කොලින්ජාඩිය
359,කටුනේරිය
360,මාරවිල රෝහල
361,මාරවිල
362,තල්විල
363,මහවැව
364,මාදම්පෙ
365,ගලහිටියාව හන්දිය
366,පම්බල
367,කාක්කපල්ලිය
368,මැරවල
369,හලාවත බස් නැවතුම්පල
370,තිඹිල්ල මෝල
371,දැදුරුඔය පාලම
372,බංගදෙණිය හන්දිය
373,රාජකදළුව
374,ආරච්චිකට්ටුව
375,නල්ලදරන්කට්ටුව
376,ආනෙයිවිළුන්දාව
377,පයිනවේ පාලම
378,බත්තුළු ඔය
379,තාරවිල්ලුව
380,කීරියන්කල්ලිය
381,මුන්දලම රෝහල
382,මුන්දලම
383,කටානහේන වත්ත
384,නවදන්කුලම
385,මංගල එළිය
386,අම්බලවේලි පාලම
387,10 කණුව
388,මදුරන්කුලිය
389,සෙම්බැට්ට පල්ලිය
390,කරිකට්ටිය
391,නාගවිල්ලුව
392,පාලවිය හන්දිය
393,තිල්ලඩි (2 කණුව)
394,ලය රෝහල
395,පුත්තලම බස් නැවතුම්පොල
396,සේනකුඩි ඉරිප්පු
397,3 කණුව
398,4 කණුව (සිරම්බි අඩි)
399,6 කණුව
400,7 කණුව (තබ්බෝව හන්දිය)
401,8 කණුව
402,9 කණුව (කරුවලගස්වැව හන්දිය)
403,12 කණුව
404,14 කණුව (පහරිය හන්දිය)
405,15 කණුව
406,17 කණුව (පහල පුලියන්කුලම හන්දිය)
407,18 කණුව
408,19 කණුව (පලුගස්වැව)
409,21 කණුව
410,මහයියාව බී.එම්.සී හංදිය
411,කටුගස්තොට
412,4 කණුව (පශු වෙද්‍ය කාර්)
413,අඹතැන්න(බොක්කාවෙල පාර)
414,අකුරණ නගරය (ප‍්‍රා.ලේ.කා)
415,අකුරණ 7 කණුව (කුරුගොඩ හංදිය)
416,8 කනුව (කොනකලගල හංදිය)
417,අලවතුගොඩ (අංකුඹුර පාර)
418,බලකඩුව හංදිය (කූඹියන්ගොඩ හංදිය)
419,වරකාමූණ (අල්නූර් ම.ම.වි)
420,ඇල්වල හංදිය
421,රෝහල හන්දිය
422,මාතලේ
423,නාන්ගල්ල
424,තුල්හිරිය
425,අලව්ව උසාවිය හන්දිය
426,අලව්ව
427,කපුවරල
428,වලකුඹුර
429,මොරවලපිටිය
430,පොල්ගහවෙල
431,ගොඩවෙල
432,කහවත්තේ ඇල
433,හොඳැල්ල
434,බුළුගොල්ල
435,පොතුහැර
436,දම්බොක්ක
437,වඳුරාගල
438,වැහැර
439,රෝහල
440,කුරුණෑගල
441,පොල්අත්තාපිටිය
442,2 කණුව (මුත්තෙට්ටුගල)
443,යග්ගපිටිය
444,තෝරයාය
445,කිරිවවුල
446,දැදුරු ඔය
447,පන්නල
448,ඉබ්බාගමුව
449,තල්ගොඩපිටිය
450,ඉපලව
451,පොල්ගොල්ල
452,ගොකරැල්ල
453,අඹන්පොල
454,මැල්සිරිපුර
455,දියතුරේ
456,නාබැට
457,කූරටිය (පල්ලියද්ද)
458,ඕමාරගොල්ල හන්දිය
459,බෙලිගමුව
460,කනාදන
461,ගලේවෙල
462,පුවක්පිටිය
463,කොළඹගොල්ල
464,යටිගල්පොත්ත
465,පහළ වැව
466,තලකිරියාගම
467,ඉබ්බන්කටුව
468,රංගිරි දඹුළු කී‍්‍රඩාංගණය
469,දඹුල්ල
470,මිරිස්ගෝනියාව
471,පැල්වැහැර බීජ ගොවිපොල
472,පැල්වැහැර කණිෂ්ඨ විද්‍යාලය
473,දම්පැල්ල/කද්දුව පාර
474,10 කණුව/ඇල්ගිරිය පාර
475,පරදූව/වලව්ව පාර
476,අමලගොඩ/ගාල්ල පාර
477,අකුරැස්ස
478,පානදුගම ඇනිකට්
479,ගොඩපිටිය මුස්ලිම් පල්ලිය
480,වැලිහේන කණිෂ්ඨ විද්‍යලය
481,දිවිතුර හංදිය/බෝපගොඩ පාර
482,පුවක්බඩෝවිට/ධර්මපාල ද.පා
483,දෙහිගස්පෙ රෝහල
484,පිටබැද්දර /ඇල්ල 12 කිමි කණුව
485,දන්කොලුව කොටගල පාර
486,බෝගහ/එනමල්දෙනිය පාර
487,වංගුව
488,සියඹලාගොඩ පාලම
489,දියදාව 14කිමි කණුව
490,දියදාව කණිෂ්ඨ විද්‍යාලය
491,ඉරිදන්වල පොල /11 කිමි කණුව
492,අම්පනාගල 9 කිමි කණුව
493,පනාකඩුව හංදිය
494,ඌරව හංදිය
495,රොටුඹ පන්සල
496,නාවලේ කඩේ
497,පස්ගොඩ
498,බෙන්ගමුව පොල
499,ඉන්දොල හංදිය
500,හිරංකොළ (චන්දිම ස්ටෝස්)
501,දම්පහල විදුහල
502,හීගොඩ (වරාපිටිය පාර)
503,නාගහ හංදිය
504,ඌරුබොක්ක
505,සරෙන්තු කඩේ හංදිය
506,බෙලිගහ හංදිය
507,කරාපිටිය
508,තොටගොඩ හංදිය
509,දෙහිදූව හංදිය
510,කුරුඳුවත්ත හංදිය
511,ගොනාමුල්ල පාර හංදිය
512,අටහවුල හංදිය-තල්ගම්පල
513,කොටිටවගම හන්දිය
514,මාකුඹුර හංදිය
515,යක්කලමුල්ල බස්ගාල
516,ගල්මෝල හංදිය ගගාවල
517,සල්ගහ හන්දිය-කරාගොඩ
518,සෞඛ්‍ය මධ්‍යස්ථානය
519,මාගෙදර තේ කම්හල
520,විලවිල හන්දිය
521,කිරිගම්මාන හංදිය
522,කැටැංවිල හංදිය
523,5 කි.මි. කණුව - නෙරලුව
524,ඉලුප්පල්ලම හංදිය - 3 කණුව
525,කොස්ගස් හංදිය
526,ඔරුගොඩවත්ත
527,වැල්ලම්පිටිය
528,කොටිකාවත්ත
529,ටයර්කඩේ හංදිය
530,අඹතලේ
531,වැලිවිට හංදිය
532,කඩුවෙල
533,බෝමිරිය
534,නවගමුව
535,රනාල
536,ආටිගල
537,හංවැල්ල
538,කළුඅග්ගල
539,සුදුවැල්ල
540,ශාලාව
541,කොස්ගම
542,අළුත් අම්බලම
543,හිඟුරල
544,උක්වත්ත
545,අවිස්සාවේල්ල
546,මාදොල
547,දෙහිගහපිටිය
548,ගැටහැත්ත
549,මින්නාන
550,තොරණකඩ
551,මෝරගල හන්දිය
552,ඇහැළියගොඩ
553,මාහින්ගොඩ
554,තලාවිටිය
555,බෝධි මළුව
556,පරකඩුව
557,තිරිවාන 43 කණුව
558,පුස්ඇල්ල
559,මිල්ලවිටිය
560,හිග්ගස්හේන
561,කුරුවිට බස් නැවතුම්පොල
562,පැරඩයිස් හන්දිය
563,බටුහේන පාසල
564,පණුකැරූපිටිය
565,ෆාම්ගාඩ්න්
566,රත්නපුර බස් නැවතුම්පොල
567,රත්නපුර ඩිපෝ හන්දිය
568,බටුගෙදර පාසල
569,තිරිවාන කැටිය හන්දිය
570,පැල්වාඩිය
571,පතුල්පාන පාසල
572,වැලිමළුව
573,ලෙල්ලුපිටිය හන්දිය
574,දිප්පිටිගල
575,පාතකඩ
576,ගනේගම
577,පැල්මඩුල්ල බස් නැවතුම්පොල
578,බටලන්ද
579,පනාවැන්න 4/5 බෝක්කුව
580,කෙටේතැන්න
581,කහවත්ත බස් නැවතුම්පොල
582,යාඉන්න හන්දිය
583,ඇල්ලගෙවත්ත
584,අම්බලන්වත්ත 12/3 බෝක්කුව
585,මාදම්පෙ හන්දිය
586,කවුඩුවාව
587,අල්පිටිය
588,මල්වත්ත
589,ගොඩකවෙල
590,කොස්නාතොට
591,බලවින්න නගරය
592,කරුවලගහ වංගුව
593,පල්ලෙබැද්ද
594,ගිරාදුර
595,කොස්වැටිය බෝගස
596,දෙමටගල
597,සංකපාල
598,කොළඹගේ ආර මහා විද්‍යාලය
599,කොළඹගේ ආර
600,උඩවලව හන්දිය
601,96 කි.මි. කණුව
602,98 කි.මි. කණුව
603,99 කි.මි. කණුව
604,ගල්වංගුව
605,උඩගම හන්දිය
606,ඇඹිලිපිටිය බස් නැවතුම්පොල
607,ඇඹිලිපිටිය ඩිපෝව
608,චන්ද්‍රිකා වැව සොරොව්ව
609,තුංකම
610,හාගල කරවිලයාය මහාවිද්‍යාලය
611,කුට්ටිගල
612,පදලංගල/සුරියවැව හන්දිය
613,වෙලංගහවෙල (ජූලංගැටේ පාර)
614,බරවකුඹුක (පොළ)
615,වැටිය හන්දිය
616,වැටිය 7 කණුව
617,පල්ලේරොට
618,හැඩවින්න මහා විද්‍යාලය
619,මාමඩල
620,බැමිණියන්වල
621,නුගසෙවණ
622,නෝනගම
623,මල්පෙත්තාව
624,අම්බලන්තොට බස් නැවතුම්පොල
625,දෙහිගහලන්ද හන්දිය
626,අම්බලන්තොට ඩිපෝව
627,මිරිජ්ජවිල(සූරිය වැව පාර හන්දිය)
628,කජු සංස්ථා නිළ නිවාස
629,කටුවැව ගුවන් පාලම
630,118 දුරකථන කණුව
631,40 බෝක්කුව
632,සිප්පිකුලම
633,හම්බන්තොට
634,හම්බන්තොට ප‍්‍රා:ලේ කාර්යාලය
635,මහලේවාය කාර්යාලය
636,කොහොලන්කල (කෝසලාරාමය)
637,උඩමලල පාසල
638,පල්ලෙමලල බඳගිරිය හන්දිය
639,වැලිගත්ත හන්දිය
640,10 කොලනිය හන්දිය
641,තුරු සෙවන
642,වීරවිල සිර කඳවුර හන්දිය
643,වීරවිල හන්දිය
644,වීරවිල ගොවිපල
645,මැදවලාන පාලම
646,දෙබරවැව හන්දිය
647,පුංචි අකුරුගොඩ හන්දිය
648,තිස්ස බස් නැවතුම්පොල
649,අකුරුගොඩ උසාවිය හන්දිය
650,මහසෙන්පුර විදුහල
651,බෙරලිභෙල හන්දිය
652,ජූල්පල්ලම පාලම
653,රන්මිණිතැන්න හන්දිය
654,බෝගහපැලැස්ස පන්සල
655,හමුදා කඳවුර
656,ඔර්ලෝසු කණුව හන්දිය
657,වැඩිහිටි කන්ද පාර හන්දිය
658,කතරගම
659,ඇඹිලිපිටිය යුද හමුදා කඳවුර
660,කණමැදිආර හන්දිය-පොලිස් මුරපොල
661,රත්මල්වල හන්දිය
662,කැන්දකැටිය හංදිය
663,දබරැල්ල ම.වි.
664,දබරැල්ල බෝධිරුක්ඛාරාමය
665,තලාව හංදිය
666,කූඩගොඩ හංදිය
667,මුරුංගස්යාය හංදිය
668,මිද්දෙණිය
669,නව නගරය/ආර්ථික මධ්‍යස්ථානය
670,"පදවිය, ත‍්‍රිකුණාමලය, වාකරේ, කාත්තන්කුඩි"
671,කුඩුගොඩ ආර රතනාරාමය
672,කාවන්තිස්සපුර විද්‍යාලය
673,ලලිත්කඩේ හංදිය/කූඩගොඩ පාර
674,තෝරකොලයාය හංදිය
675,වගාව/ගාමන්ට්
676,දෙබොක්කාව හංදිය-මහ විදුහල
677,තේක්කවත්ත (බූවලිආර පාර)
678,ගෝනදෙනිය (බෝධිය හංදිය )
679,අඹකොළවැව පාර
680,3 කණුව (මොරයාය පාර)
681,අත්තනයාය
682,පල්ලේමූලන පෙරපාසල
683,මැදමූලන හංදිය
684,යග්ගස්මුල්ල
685,වීරකැටිය
686,කැප්පිටියාව (සූනීතගම පාර)
687,අතුබොදේ (උ.තැ.කා)
688,පඹුරාව (බෝගහ හංදිය)
689,වලස්මුල්ල
690,තෙල්බදුආර ශ‍්‍රී පුෂ්පාරාමය
691,3 කණුව කෝන්කටුව විදුහල
692,4 කණුව හංදිය
693,5 කණුව හංදිය/බණ්ඩොක්කයාය පාර
694,පනාමුර හංදිය/කොළොන්නපාර
695,7 කණුව (වෙදගෙදර පාර)
696,මහයාය හංදිය
697,9 කණුව (15 කි.මි. කණුව)
698,10 කණුව (ධර්මාකර විහාරය)
699,කෑල්ල හංදිය (ඌරුබොක්ක පාර)
700,අඹගහයාය හංදිය (කරගහයාය විදුහල පාර)
701,මඩුවන්වෙල (ශ‍්‍රි සාරනන්ද විද්‍යාලය)
702,ඇලඉහල (මුදලින්දාරාමය)
703,කොළොන්න
704,1 කණුව බෝධිය
705,මොරකැටිය මහා විද්‍යාලය
706,මොරකැටිය හන්දිය
707,මහානාග මහා විද්‍යාලය
708,ඌරුසිටාන සොරොව්ව පාර
709,හත්පෝරුව හන්දිය
710,වීරියගම (නයිගල පූරාණ රජ මහා විහාරය)
711,ගල්වැව හන්දිය
712,සූරියවැව
713,කලා ඔය (විහාර හන්දිය)
714,පුත්තලම හන්දිය (තඹුත්තේගම හන්දිය)
715,තම්මැන්නාව හන්දිය
716,පහල මාරගහවැව
717,විල්පත්තුව හන්දිය
718,නැකැත්තේගම
719,ළිඳවැව පාසල
720,30 හන්දිය (දුනුදඹුවැව)
721,නොච්චියාගම
722,මුදිතාගම
723,සිංහාරගම හන්දිය
724,ඔතප්පුව හන්දිය
725,ගලයාය හන්දිය (තලාව හන්දිය)
726,38 හන්දිය
727,මහබුලන්කුලම
728,උළුක්කුලම
729,කොරකහ වැව
730,පණ්ඩුලගම හමුදා කඳවුර
731,කුරුණෑගල හන්දිය / 2 කණුව
732,අනුරාධපුර නව බස් නැවතුම්පොල
733,අනුරාධපුර පැරණි බස් නැවතුම්පොල
734,යාපනය හන්දිය
735,2 කණුව (පානියන්කඩවල හන්දිය)
736,සාලියපුර හමුදා කඳවුර
737,මාන්කඩවල
738,පරසන්ගහ වැව
739,ගෝනෑව හන්දිය
740,රඹා වැව
741,රඹෑව
742,වේලිඔය හන්දිය
743,ඉකිරිගොල්ලෑව
744,වහමළුගොල්ලෑව
745,සංගිලිකනදරාව
746,මැදවච්චිය නාම පුවරුව
747,මැදවච්චිය බස් නැවතුම්පල
748,51 1/4 සැතපුම් කණුව
749,මැදවච්චිය දුම්රිය ස්ථානය
750,කඩවත්ගම
751,7 කි.මි. කණුව
752,රම්ඹකුලම
753,යකාවැව
754,පේකුපු ඉඩම්
755,මාන්කුලම
756,නේරියකුලම
757,තන්තිරිමලේ හන්දිය
758,මුදලියාර්කුලම්
759,මුහත්තාන්කුලම්
760,චෙඩ්ඩිකුලම්
761,27 කි.මි. කණුව
762,කල්ලාරුපාලම
763,32 කි.මි. කණුව
764,ආඬ්යාපුලියන්කුලම්
765,ඌතඩි
766,පෙරියකාඩ්ඩු
767,41 කි.මි. කණුව
768,පරයනාරන්කුලම්
769,කුංචිකුලම් හන්දිය
770,මඩුපාර
771,49 කිමි. කණුව
772,කඩ්ඩෙයි අඩම්පෙ
773,පන්නවඩ්ඩුවාන්
774,ඉසමාලෙයි තාලු
775,ගල්කඩන්දකුලම්
776,මුරුන්කන්
777,සෙම්මන්තීවු
778,අගතිකාලි හන්දිය
779,උයින්තරාසන්කුලම්
780,පරප්පන්කන්ඩල්
781,උයිලන් කුලම්
782,නොච්චි කුලම්
783,සේරුනාවල් කුලම්
784,තිරුකේතීශ්වරන් හන්දිය
785,මුල්ලපල්ලාවි
786,වාන්කාලෙයි හන්දිය
787,තල්අඩි හන්දිය
788,83 කි.මි. කණුව
789,මන්නාරම
790,පෙරියකාමම්
791,89 කි.මි. කණුව
792,තාරපුරම් හන්දිය
793,එරික්කුලම්පිටිය හන්දිය
794,කෝනාර්පන්නෙයි (පුදුකුඩි ඉරිප්පු)
795,ඔලයිතොඩුවායි හන්දිය
796,පෙරියකරයිසල්
797,සිරුතෝප්පු
798,පේසාලෙයි
799,තුල්ලුකුඩි ඉරිප්පු
800,නඩුකුඩා හන්දිය
801,කීලියංකුඩි ඉරිප්පු
802,පරිදිපන්නෙයි
803,කඩ්ඩුකාරන්කුඩි ඉරිප්පු
804,තලෙයිමන්නාරම විලේජ් හන්දිය
805,තලෙයිමන්නාරම පියර්
806,කැබිතිගොල්ලෑව හන්දිය
807,ඉහලතම්මැන්නාව හන්දිය
808,3 කි.මි. කණුව
809,මහදිවුල්වැව
810,ඇටවීර ගොල්ලෑව
811,කුඹුක්ගොල්ලෑව
812,ඇතාකඩ
813,14 කණුව
814,ඉරල්ලුගම හන්දිය
815,ගෝනමැරියාව
816,22 කණුව
817,24 කණුව
818,කැබිතිගොල්ලෑව
819,ඉහලගම හන්දිය
820,ගල්කන්දේගම
821,මහනැටියාව
822,ගලවැව
823,තිත්තගෝනෑව හන්දිය
824,තම්මැන්නාව
825,හේරත් හල් මිල්ලෑව
826,කහටගොල්ලෑව
827,ගල්පියුම ආරන්‍යය
828,බෙල්ලන් කඩවල
829,බෝගස් හන්දිය
830,අළුත් හල් මිල්ලෑව
831,රුවන්පුර
832,සොරොව්ව හන්දිය
833,මහසෙන්පුර
834,6 සැතපුම් කණුව
835,පරණ මැදවච්චිය
836,ඒරාමඩුවැව
837,10 සැතපුම් කණුව
838,2 කි.මී. කණුව - තෙන්නමරන් පාර
839,ශාන්තිපුර
840,14 සැතපුම් කණුව
841,15 සැතපුම් කණුව
842,පුල්මුඩේ පොලීසිය
843,පුල්මුඩේ
844,දිගන් වැව
845,දෙමටපිටිය
846,නෙළුම්කුලිය
847,කුමාර කට්ටුව
848,මණ්ඩලාන
849,පුලියන්කුලම
850,පල්ලම
851,පොත්තුකුලම්
852,අඩම්මන
853,සේරුකැලේ
854,සියඹලාගස්වැව
855,නාගවිල
856,ආඬ්ගම
857,ගරායක්ගම
858,මුදලක්කුලිය
859,සංගට්ටිකුලම
860,උත්පලවත්ත
861,කුමාරගම
862,කොත්වලකන්ද
863,ආනමඩුව
864,කුඩාවැව හංදිය (පරමාකන්ද පාර)
865,පෙරියකුලම පන්සල හංදිය
866,තල්ගස්වැව (විමලර:කු:ගම විද්‍යාලය)
867,ලබුගල රාජමහා විහාරය
868,මැරුංගොඩ (ගො:ජ:සේ කාර්යාලය)
869,මහඋස්වැව (ශ‍්‍රී රතනපාල ම.වි)
870,වෙලේවැව (මින්රා ගාමන්ට්)
871,මුල්ලේගම (මුල්කිරිගල රජ:ම විහාරය)
872,නවගත්තේගම
873,කිරිමැටියාව (20 කිමි කණුව)
874,පුල්ලෑව (22 කිමි කණුව)
875,පලුගස්වැව(වාරිමාර්ග ව්‍යාපෘතිය)
876,නල්ලච්චිය හංදිය
877,මහා නාන්නේරිය හංදිය (රෝහල)
878,පයිරික්කුලම හං(නාභෙට්ටිකුලම පාර)
879,ඉහල නාන්නේරිය (විද්‍යාල හංදිය)
880,තාඹරේ (33කි මි කණුව)
881,ඉහලගම හංදිය (නොච්චිය පාර)
882,පළුකන්දෑව (කල්ලංචිය පාර)
883,ගල්ගමුව
884,දිවුල්ලෑව
885,බුදුරුවකන්ද
886,අමුණුකොලේ
887,මහගල්කඩවල
888,පුලංචිය
889,කලා ඔය
890,ඉකිරියාව
891,තඹුත්තේගම
892,කෝන්වැව
893,බෙල්ලන්කල්ල/සෝලම හන්දිය
894,මල්වානේගම
895,ඒරියාගම
896,තලාව
897,මොරගොඩ
898,නව වතුර ටැංකිය
899,අළුත්වැව
900,ශ‍්‍රාවස්තිපුර
901,පහේ ඇළ
902,පුත්තලම
903,1 කණුව (මාරිඅම්මා කෝවිල)
904,2 කණුව (සුරුවම)
905,4 කණුව (6 කිමි කණුව)
906,5 කණුව (වේප්පමඩුව)
907,6 කණුව (ඉස්මයිල්පුර)
908,7 කණුව (ශ‍්‍රී ගුණරතනාරාම විහාරය)
909,කරඩිපුවල් මහාවිද්‍යාලය
910,9 කණුව (පුත්තලම වතුයාය)
911,නාගමඩුව ක.වි
912,වනාතවිල්ලුව කඩවීදිය
913,12 කණුව (21 කිමි කණුව)
914,කරතිව් හංදිය
915,14 කණුව (කඩමණ්ඩිය)
916,15 කණුව (බීජ උද්‍යානය)
917,එළුවන්කුලම
918,හලාවත
919,ගෙවල් 18 (ට‍්‍රාන්ස්ෆෝමරය)
920,රාජගිරිය
921,ඇතුල්කෝට්ටේ හංදිය
922,බත්තරමුල්ල
923,පැලවත්ත හන්දිය
924,තලවතුගොඩ
925,පොල්වත්ත හන්දිය
926,පන්නිපිටිය
927,මහරගම
928,බොරළුවැව
929,මානලෙම්බුව
930,ඉහළ කිනියම ප‍්‍රාථමික විදුහල
931,කිනියම හන්දිය
932,වීරපොකුණ ප‍්‍රාදේශ්‍රීය රෝහල
933,කරඹේ සුදර්ශනාරාම විහාරය
934,බුළුගහ හන්දිය
935,ප‍්‍රසන්නගම
936,බෝවත්ත
937,බිංගිරිය
938,තල්ගහපිටිය
939,විලත්තව
940,පුලියන්කඩවර
941,කොක්කාවිල
942,මුගුණුවටවන
943,කන්ජුක්කුලිය
944,මුන්නේශ්වරම්
945,කල්පිටිය
946,කුරක්කන්හේන
947,කුරිඥ්ඥංපිටිය
948,කුරුසඩිය
949,පල්ලිවාසතුරේ
950,31 කි.මි. කණුව
951,කන්දකුඩා
952,පාලකුඩා හන්දිය
953,25 කි.මි. කණුව
954,නේලිය
955,එන්තාලේ
956,ආලන්කුඩා
957,නොරොච්චෝලේ
958,පනියඩිය
959,නාරක්කල්ලිය
960,මාම්පුරිය
961,නාවක්කඩුව
962,දළුව පල්ලිය
963,සේතපොල හන්දිය
964,කරඹේ පන්සල් හන්දිය
965,කරඹේ
966,පුල්ලෙයාර් හන්දිය
967,මාතලේ හන්දිය
968,කුරුන්දන්කුලම
969,කළත්තෑව
970,කවරක්කුළම හන්දිය
971,නාච්චදූව හන්දිය
972,ගල්කුළම
973,121 කි.මි. කණුව
974,ඥානික්කුළම
975,117 කි.මි. කණුව
976,තිරප්පනේ
977,අලිස්ථාන
978,කඳුපාගම හන්දිය
979,වනමල් උයන
980,පෙරිය කුළම
981,උලන්කුලම
982,මරදන්කඩවල
983,තෝරවැව ග‍්‍රාමීය ලේකම් කාර්යාලය
984,මාමිණීයාව (රජමහාවිහාර පාර)
985,නික වැව
986,ගනවැල්පොල
987,උල්පත පල්ලිය
988,හීනුක්කිරියාව පන්සල
989,ගලපිටගල පාසල
990,සේනාදිරියාගම/හොරිවිල හංදිය
991,උල්පතගම පාර
992,පළුගස්වැව හංදිය
993,21 කිමි කණුව
994,පුවක්පිටිය 23 කිමි කණුව
995,හබරණ
996,සීගිරිය හන්දිය
997,29 කි.මි. කණුව (මොරගස් වැව)
998,මොරගස්වැව
999,අඹගස්වැව
1000,36 කි.මි. කණුව
1001,දේවාලය
1002,39 කි.මි. කණුව
1003,බටුඔය
1004,මින්නේරිය දුම්රියපොල
1005,පාබල චතුරස‍්‍රය
1006,මින්නේරිය
1007,රජ ඇල හන්දිය
1008,C P පුර
1009,ගිරිතලේ වැව
1010,ගිරිතලේ ගම විද්‍යාලය
1011,ජයන්තිපුර හන්දිය
1012,බැදි වැව
1013,ගල් විහාර හන්දිය
1014,පොලොන්නරුව
1015,ජයන්ති සිනමා
1016,කඳුරුවෙල
1017,75 කි.මි. කණුව
1018,ගල්ලෑල්ල දුම්රියපොල
1019,79 කි.මි. කණුව
1020,මනම්පිටිය දේවාලය
1021,මනම්පිටිය
1022,සීලපුර / මඩකලපුව හන්දිය
1023,මහවැව පන්සල
1024,කොලකන වාඩිය
1025,සෙවනපිටිය
1026,මොනරතැන්න පාසල
1027,වැලිකන්ද බස් නැවතුම්පොල
1028,101 කි.මි. කණුව
1029,පුල්ලෙයාර් අඩි
1030,අසේල පුර හන්දිය
1031,කඩවත්මඩු
1032,රිදිතැන්න
1033,ඉලුක් පාම්
1034,114 කි.මි. කණුව
1035,පූනානි දුම්රිය පොල
1036,තේක්කහේන
1037,120 කි.මි. කණුව
1038,වාකනේරි හන්දිය
1039,මීයන්කුලම
1040,127 කි.මි. කණුව
1041,නාවල් අඩි හන්දිය
1042,පලෙයිනගර්
1043,ඔඩ්ඩමාවඩි පාලම
1044,ඔඩ්ඩමාවඩි
1045,වාලච්චේන
1046,කින්නියායි හන්දිය
1047,කඩුරුමුල්ල හන්දිය
1048,කිරාන්
1049,සන්තිවැලි දේවාලය
1050,මොරකොට්ටන්චේන හන්දිය
1051,මාවඩිවෙම්බු රෝහල
1052,වන්දාරුමුල්ලෙයි
1053,චෙන්කලඩි හන්දිය
1054,එරාවූර්
1055,ආරුමුගන්තාන් කුඩි ඉරිප්පු
1056,මයිලන්පාවලෙයි
1057,කන්නමුනෙයි පාසල
1058,සත්රුකොන්ඩාන හන්දිය
1059,උඩප්පුව
1060,"6/3 පාලම, උඩප්පුව"
1061,පිංකට්ටිය
1062,පිංකට්ටිය ප‍්‍රාථමික විද්‍යාලය
1063,බත්තුළු ඔය පාලම
1064,ඉසින්බැස්සගල
1065,පුල්ලෙයාර් කෝවිල
1066,නාවික හමුදා කඳවුර
1067,පූනෑව
1068,මහකුඹුක්ගොල්ලෑව
1069,ගල්කුන්ඩාමඩු හන්දිය
1070,ඉරට්ටපෙරියකුලම
1071,මූන්ඩෘ ඉරුප්පු
1072,වව්නියාව
1073,කෘෂිකර්ම දෙපාර්තමේන්තුව
1074,තාණ්ඩිකුලම(කිඩාචෝරු පාර)
1075,කොක්එළිය ගම්මාන පාර
1076,පුදිය සින්නකුලම් හංදිය
1077,ඕමන්තේ 187 කි.මි. කණුව
1078,ඕමන්තේ සමුපකාරය
1079,ඕමන්තේ ම.ම.වි
1080,ඕමන්තේ මුරපොළ
1081,194 කි.මි. කණුව
1082,පන්ඩිකේයිද කුලම් (196 කි.මි කණුව)
1083,පුලියන්කුලම (ඉන්ධන පිරවුම් හල)
1084,පුලියන්කුලම (200 කි.මි. කණුව)
1085,පුලියන්කුලම (නැදුන්කර්නි පාර'
1086,29 සැතපුම් කණුව
1087,පාලම-1
1088,සන්නාසි පරන්තන්කුලම් කෝවිල
1089,මත්තියමඩු (විවේකානන්ද ම.වි)
1090,නයිනමඩු කෝවිල
1091,නයිනමඩු සමුපකාරය
1092,නයිනමඩු
1093,උරිසුට්ටිකුලම්
1094,නොච්චියඩි කොවිල පාර
1095,නැදුර්න්කර්නි
1096,මුල්ලියාවේලි පාලම
1097,තන්ඩුවන් දෙමල ම.වි
1098,තට්ටමාලා හමුදා මූලස්ථානය
1099,කොඩලිකල්ලු1
1100,කොඩලිකල්ලු - 2
1101,12/2 බෝක්කුව
1102,9 කණුව
1103,7 කිමි කණුව
1104,තන්නිරූට්ටු හංදිය
1105,3 කණුව හංදිය/වට්ටපලේ පාර
1106,45 කිමි. කණුව
1107,කෝකිලායි පාර
1108,මුලතිව්
1109,ඌරනි
1110,ඥානසූරියම් චතුරඝ‍්‍රය
1111,මඩකලපුව බස් නැවතුම්පොල
1112,අරසඩි
1113,කල්ලඩි
1114,කාර්මික විද්‍යාලය
1115,කාත්තන්කුඩි
1116,මන්මුනෙයි හන්දිය
1117,තාලන්
1118,413 කිමි කණුව
1119,කිරාන් කුලම්
1120,කුරක්කල් මඩම්
1121,මාන්කාඩු
1122,තේතාතිවු
1123,කලුතාවලෙයි
1124,කලවංචිකුඩි
1125,ඕනාච්චිමඩම්
1126,කෝඩෙයි කල්ලාර්
1127,පෙරිය කල්ලාර්
1128,නීලාවනෙයි හන්දිය
1129,මරුදමුනේ
1130,කල්මුණේ
1131,කුරුස අඩිය
1132,2 කි.මි. කණුව
1133,අරුණ මහා විද්‍යාලය
1134,5 කණුව (කොකුණ්නෑව)
1135,රනෝරාව
1136,13 කි.මි. කණුව
1137,15 කි.මි. කණුව
1138,කළුන්දෑවැව පාර
1139,දුනුමඩලාව
1140,නබඩගස්දිගිලිය
1141,තලාවේ ඇල පාලම
1142,ඔයාමඩුව ජලපවිත‍්‍රාගාරය
1143,ඔයාමඩුව හංදිය
1144,තන්තිරිමලේ විහාර හංදිය
1145,හැළඹ වැව අසල චෛත්‍යය
1146,නාවක්කුලම වැව 1 සොරොව්ව
1147,නාවක්කුලම 5 කණුව
1148,කැප්පෙටියාව 1319 ලයිට් කණුව
1149,තම්බියාව කිඹුල්වැව 8 කණුව
1150,තම්බියාව කනත්ත
1151,සඳමල්එළිය පාර මානෑව
1152,මිල්ලගල ආරණ්‍යය
1153,මානෙල්වැව හන්දිය-බිල්ලෑව
1154,තන්තිරිමලේ විහාරය
1155,තන්තිරිමලේ ග‍්‍රාමීය රෝහල
1156,බෝගොඩ මැද පාර
1157,බෝගොඩ
1158,මල්වතු ඔය
1159,සින්න සිප්පිකුලම - 1
1160,සින්න සිප්පිකුලම - 2
1161,සිප්පිකුලම හන්දිය
1162,කුරුණෑගල හන්දිය
1163,ඉහළගම හන්දිය
1164,බොරළු කන්ද
1165,පදවිය හන්දිය
1166,A යාය
1167,B යාය
1168,වෙලන්ගස් හන්දිය
1169,4 කිමි. කණුව
1170,පරාක‍්‍රමපුර
1171,µමෙතී‍්‍ර මාවත
1172,තෝනිගල
1173,ගල්කුළම හන්දිය
1174,පළුගස් හන්දිය
1175,ශ්‍රී‍්‍ර පුර
1176,ඒකල මධ්‍යම වැඩපල
1177,ඒකල මඩම හන්දිය
1178,කසගහවත්ත
1179,කොටුගොඩ හන්දිය
1180,ඕපාත හන්දිය
1181,මිනුවන්ගොඩ
1182,නිල්පනාගොඩ
1183,ගල්කන්ද හන්දිය
1184,හොරගස්මුල්ල ප‍්‍රාථමික විදුහල
1185,දිවුලපිටිය බස් නැවතුම්පොල
1186,බරවාවිල (බලගල්ල ප‍්‍රාථමික විදුහල)
1187,උඩගම්මන පන්සල
1188,වල්පිට ගොවිපල
1189,වැලිහිඳ පල්ලිය
1190,කොටදෙණියාව
1191,දියගම්පල හංදීය
1192,නාල්ල හන්දිය
1193,මංචි කඩේ හන්දිය
1194,ගිරිඋල්ල
1195,ගිරිඋල්ල රෝහල
1196,දඹදෙණිය
1197,මුතුගල හන්දිය
1198,මැටියගනේ
1199,කිවුල්ගල්ල හන්දිය
1200,දම්පැලැස්ස
1201,නාරම්මල
1202,මී වැව
1203,කළුගමුව හන්දිය
1204,කිරලබොක්ක හන්දිය
1205,උහුමිය
1206,පිදුරුවැල්ල
1207,ගෙපල්ලව
1208,බමුණාවල
1209,මල්කඩුවාව
1210,කටුනායක/ඇවරිවත්ත බස්නැවතුම්පල
1211,අංගංගල
1212,යන්තම්පලාව
1213,තිත්තවැල්ල
1214,රත්කරව්ව
1215,මාස්පොත
1216,කෙලිමුණේ
1217,මහකෙලීය
1218,ගලගෙදර
1219,වේරපොල
1220,වාරියපොල
1221,බඹරගම්මන
1222,මාමුණුව
1223,පාදෙණිය
1224,භෙලවැරුල්ල
1225,දීකිතව
1226,මිනුවන්ගැටේ
1227,රිදීබැදිඇල්ල
1228,බලගොල්ලාගම
1229,පහල බලල්ල
1230,බලල්ල
1231,දළදාගම
1232,පළමුගෙදර
1233,උදාගම
1234,කැත්තපහුව
1235,කයිරාගම
1236,උඩංගාව
1237,බැලුන්ගල
1238,කාසිකොටේ
1239,ගැටදිවුල
1240,මීඔය
1241,මීගහමුල හන්දිය
1242,නල්ලංචිය
1243,තෙල්හිරියාව හංදිය
1244,තිසපනේපුර
1245,නීලවිය ගොවිපල
1246,මකුලෑව
1247,තලකොල වැව
1248,හුරිගස්වැව හංදිය
1249,නාමල්ගමුව
1250,කලංකුට්ටිය
1251,මිදෙල්ලෑව පන්සල
1252,මිදෙල්ලෑව
1253,බුල්නෑව
1254,හිරිපිටියාව
1255,භෙලබොදුගම
1256,ගල්නෑව
1257,2කණුව (මුත්තෙට්ටුගල)
1258,කිරිඳිගල්ල විෂ්ණු දේවාලය
1259,නුගේ ළඟ/රිදීගම දේවාලය
1260,ලිහිණි වැහැර(තෙලඹුගල්ල පාර)
1261,දොඩම්ගස්ලන්ද (මැල්සිරිපුර පාර)
1262,කටුපිළගොල(කහහේන පාර)
1263,මදුරාගොඩ
1264,කෙත්වත්ත(හුණු කර්මාන්ත ශාලාව)
1265,ලොන්ඩන්වත්ත/16කි.මි. කණුව
1266,යටවත්ත පොලිස් මුරපොල
1267,යටවත්ත තැ.කා
1268,දිවිල්ල හංදිය(ඇටිපොල පාර)
1269,පනින්ගස් කොටුව මුස්ලිම් පල්ලිය
1270,දොඹගහවෙල ප‍්‍රජා ශාලාව
1271,ගොලහැන්වත්ත හංදිය
1272,පලාපත්වල(දඹුල්ල පාර)
1273,කිරිගල්පොත්ත හුණු පෝරණුව
1274,අළුවිහාරය/ඇටිපොල පාර
1275,මන්දණ්ඩාවල රත්තොට හංදිය
1276,පහලකුඹුර
1277,කිරිබමුණ හංදිය
1278,දීයාව
1279,ගොඩ ගාල හංදිය
1280,නිකගොල්ල හංදිය
1281,තිත්තවැල්ල හංදිය
1282,කුඹුක්ගැටේ හංදිය
1283,ග‍්‍රීන්ලයින් වත්ත (පාළුගම)
1284,විජේසූරිය විදුහල
1285,රඹේ හංදිය
1286,මාඑළිය මහ විදුහල
1287,එගොඩගම හංදිය
1288,ගල්ටැන්වැව හන්දිය
1289,ගල්වැන්වැව
1290,පොල්පිතිගම
1291,පොතුවිල් හංදිය
1292,මඩගල්ල
1293,මටළුවාව
1294,සාලියවැව
1295,මොරගොල්ලාගම
1296,තලවිල
1297,4කණුව (පශුවෛද්‍ය කාර්යාලය)
1298,අඹතැන්න
1299,අකුරණ
1300,8 කණුව (කොනකලගල හංදිය)
1301,අලවතුගොඩ
1302,රාජකීය විදුහල (මුරුතලාව පාර)
1303,වරාතැන්න (සීමා මාලකය)
1304,හල්ඔලුව
1305,2 කණුව ජයන්ති පාර
1306,ගොහාගොඩ(ජයන්ති ආදර්ශ ක.වි)
1307,කළුදෑවල (දුනුකේවත්ත පාර)
1308,වේරගම හන්දිය
1309,කයිකාවල හන්දිය
1310,අඹගස්තැන්න
1311,රත්තොට
1312,දිගන
1313,ගෝනවල කණිෂ්ඨ විද්‍යාලය
1314,ගොමගොඩ බෝධිය
1315,ඔරුතොට බෝධිය
1316,මඩපොල
1317,තෙල්දෙනිය
1318,නවයාලතැන්න
1319,මඩවල
1320,යටිරාවන
1321,වත්තේගම
1322,රාස් ඇල්ල
1323,වාවින්න හංදිය
1324,මක්කානිගම හංදිය
1325,ගල් පිහිල්ල (තේ කම්හල)
1326,පන්විල බස් නැවතුම
1327,රාස්සාව (තේ කම්හල)
1328,හාතලේ (18 කි.මි. කණුව)
1329,හාතලේ (තේ කම්හල)
1330,16 කණුව (තවලන්තැන්න පාර)
1331,මඩොල්කැලේ නාමපුවරුව
1332,මඩොල්කැලේ තැපැල් කාර්යාලය
1333,මාඋස්සාව (තේ කම්හල)
1334,රොට්ටුකඩේ (කඩවීදිය)
1335,කැලෑබොක්ක (අභිරමි දෙමළ ම.වි.)
1336,ගලහිරිය (තේ කම්හල)
1337,ඩීමලේ (11 කි.මි. කණුව)
1338,කබරගල
1339,පොල්ගහවලාන(2කිමි කණුව)
1340,පන්නෙගමුව හංදිය
1341,ඇල්ලගල හංදිය
1342,17 හන්දිය
1343,19 පාලම
1344,මුල්ගල හංදිය/ලුණුගම්වෙභෙර
1345,22 හංදිය
1346,උයාතුවැව
1347,බෝගහවැව
1348,25 වංගුව
1349,රණවරුනාව
1350,තේක්කවත්ත
1351,තණමල්විල
1352,කිවුලේ ආර හන්දිය
1353,කිතුල්කොටේ විදුහල
1354,කිතුල්කොටේ පාලම
1355,සිරිනන්දපුර හන්දිය
1356,කුඩා ඔය
1357,කුඩා ඔය සමුපකාරය
1358,37 කණූව
1359,300 කි.මි. කණුව
1360,කුඹුක්කොටේ හන්දිය
1361,තෙලුල්ල ලයිම
1362,ඇතිලි වැව හන්දිය
1363,වෙභෙර යාය හන්දිය
1364,හඳපාන ගල හන්දිය
1365,මහාමාර්ග කාර්යාලය
1366,බුදුරුවගල හන්දිය
1367,නුගේයාය හන්දිය
1368,වැල්ලවාය ඩිපෝව
1369,වැල්ලවාය
1370,ශාන්ත මරියා පල්ලිය
1371,වැලිආර හංදිය
1372,කෝන්ගහරුප්පේ කෝන්ගහරුප්පේ
1373,රන්දෙනිය පාලම
1374,රන්දෙනිය
1375,රන්භෙලගම ප‍්‍රාථමික විද්‍යාලය
1376,13 කිමි කණුව
1377,දිස්ත‍්‍රික් මායිම
1378,කරඳගොල්ල/16 කිමි කණුව
1379,කරඳගොල්ල පාසල
1380,19 කිමි කණුව
1381,රාවණා ඇල්ල
1382,23 කිමි කණුව
1383,24 කි මි කණුව
1384,රාවණාඇල්ල පුරාණ රජමහා විහාරය
1385,ඇල්ල
1386,1 කණුව කිනැලන් වත්ත
1387,කුඹල්වෙල හන්දිය
1388,ද්‍යෝව
1389,දික්අරාව
1390,බිඳුනුවැව
1391,තන්තිරිය
1392,බණ්ඩාරවෙල
1393,ශාන්ත තොමස් විදුහල් හංදිය
1394,අඹේගොඩ වෘ.පු.ම
1395,දිගන්තැන්න සමුපකාර ග‍්‍රාමීය බැංකුව
1396,උඩ අරාව පන්සල
1397,මාතොටිල්ල පාලම
1398,මිරහවත්ත තැපැල් කාර්යාලය
1399,ඩයරබා හංදිය
1400,උඩවෙල හංදිය (මිරහවත්ත රෝහල)
1401,නාවෙල ග‍්‍රාමීය බැංකුව
1402,යල්පත්වෙල උ.තැ.කා
1403,දඹවින්න පාසල
1404,දිවිතොටවෙල (ආයුර්වේදය)
1405,වැලිමඩ
1406,පොලිසිය
1407,සාප්පුකඩේ
1408,නුගතලාව
1409,කැප්පෙටිපොළ
1410,ගවරම්මාන
1411,බොරගස්
1412,අලකොලගාල
1413,අඹේවෙල හන්දිය (රේන්දපොල)
1414,හක්ගල
1415,සීදේ අම්මාන් කෝවිල
1416,සීතාඑළිය
1417,කටුමාන
1418,මාගස්තොට/සඳතැන්න පාර
1419,කැලේගාල
1420,නුවරඑළිය
1421,බඹරකැලේ
1422,ටොප්පාස් ටොප්පාස්
1423,වෙස්ටඩෝ පල්ලිය
1424,කිකිලියාමාන මහා විද්‍යාලය
1425,66 කි.මි. කණුව
1426,කුඩාඔය මහා විද්‍යාලය
1427,ලබුකැලේ
1428,කොන්ඩාගල
1429,60 කි.මි. කණුව
1430,වෙදමුල්ල වතුයාය හන්දිය
1431,පලාගොල්ල
1432,55 කි.මි. කණුව
1433,රම්බොඩ දෙමළ මහා විද්‍යාලය
1434,රම්බොඩ
1435,51 කි.මි. කණුව
1436,තවලන්තැන්න
1437,කරගස්තලාව පන්සල
1438,කටුකිතුල
1439,භෙල්බොඩ උසාවිය
1440,කොත්මලේගම පන්සල
1441,භෙල්බොඩ ඔය
1442,ඩෙල්ටා හන්දිය
1443,පුස්සැල්ලාව
1444,පුස්සැල්ලාව හින්දු විද්‍යාලය
1445,පුස්සැල්ලාව රෝහල
1446,වහුගපිටිය
1447,පාරදෙක
1448,30 කි.මි. කණුව
1449,සැන්චුවර්
1450,අටබාගේ අටබාගේ
1451,දැල්පිටිය
1452,ස්ටෝර්ෆිල්ඩ්
1453,බොරලුමංකඩ
1454,ගම්පොළ
1455,බෝතලාපිටිය
1456,ගලගෙඩියාව
1457,වැලිගල්ල
1458,ගෙලිඔය
1459,කොස්හින්න
1460,අගුණාවල
1461,කටුකැලේ
1462,රුහුණු විශ්ව විද්‍යාලය
1463,දෙවිනුවර දේවාලය
1464,කපුගම
1465,ගන්දර පොලිසිය
1466,තලල්ල පාසල
1467,කෝට්ටගොඩ බාලිකා විද්‍යාලය
1468,හුන්නදෙනිය හන්දිය
1469,බී එම් සී ගාමන්ට්
1470,දික්වැල්ල බස් නැවතුම්පොල
1471,දොඩම්පහල හන්දිය
1472,අළුත්ගොඩ බෝගහ
1473,කුඩාවැල්ල හන්දිය (ගාමිණි විද්‍යාලය)
1474,පහත්ජාව (දේද්දුවාවල හන්දිය)
1475,මොරකැටි ආර (මාවැල්ල හන්දිය)
1476,සීනිමෝදර පාලම
1477,ගොඩැල්ලවෙල හන්දිය
1478,පල්ලික්කුඩාව (බේ හෝටලය)
1479,තංගල්ල
1480,හේනකඩුව පංසල
1481,මාර කොල්ලිය
1482,ගොඩිගමුව පට්ටියපොල හන්දිය
1483,නෙටොල්පිටිය
1484,වාඩිගල පන්සල / ගාමන්ට්
1485,රන්න
1486,කහඳ මෝදර හන්දිය
1487,බටඅත ගොවිපල
1488,හුංගම
1489,කිවුල කලමැටි පාර
1490,ලූනම පාසල
1491,වෙලේවත්ත(නාවිමන පු.රා.ම.වි පාර)
1492,කපුගම (ඇටසැකිල්ල පන්සල පාර)
1493,ගන්දර (ජයබෝධිය)
1494,තලල්ල (නාඔටුන්න හංදිය)
1495,පාතේගම හංදිය
1496,හුන්නදෙනිය (රත්මලේ පාර)
1497,පොල්ගමුව (ගොවිජන සේවා කාර්යාලය)
1498,දික්වැල්ල බස්නැවතුම්පොල
1499,දොඩම්පහළ හංදිය (නිල්වැල්ල පාර)
1500,මොරකැටි ආර (කනිෂඨ විද්‍යාලය)
1501,සීනීමෝදර(කනිෂ්ඨ විද්‍යාලය)
1502,ගොඩැල්ලවෙල හංදිය
1503,තංගල්ල බස්නැවතුම්පොළ
1504,දංකැටිය පාලම
1505,ගොඩවානගොඩ ක.වි
1506,පොල්තවාන (බංගලාව)
1507,විතාරන්දෙනිය හංදිය
1508,බෝපැලේ හංදිය
1509,බැදිගම පුරාණ විහාරය
1510,කටුවැව (ඩි.ඒ. රාජපක්ෂ ම.වි.)
1511,යක්ගස්මුල්ල හංදිය
1512,මීගස්ආර හංදිය/ගොවිජන සේවා හංදිය
1513,ගල්පොත්තයාය බෝධිය/සේරුගොඩ පාර
1514,11 කිමි කණුව
1515,මිද්දෙනිය බස්ගාල
1516,භෙල්ලල හංදිය/දක්ෂිණාරාමය
1517,මුල්ඇඬ්යාවල හංදිය
1518,දඬුහැතැප්ම(ඉඟිනිගහගොඩ විදුහල පාර)
1519,සුදුගල නල ළිඳ
1520,වලල්ගොඩ හංදිය
1521,පනාමුර හංදිය/කොළොන්න පාර
1522,5 කණුව හංදිය /බණ්ඩොක්කයාය පාර
1523,3 කණුව (කෝන්කටුව විදුහල )
1524,තෙල්බදුආර (ශ‍්‍රි පුෂ්පාරාමය)
1525,ඇඹිලිපිටිය
1526,නලගම හන්දිය
1527,සිටිනාමළුව වැව
1528,පුවක්දණ්ඩාව
1529,බෙලිඅත්ත
1530,රත්මල්කැටිය ප‍්‍රජා ජලසම්පාදක මණ්ඩලය
1531,මුතුමාල කනිටු විදුහල (මිරිස්වත්ත)
1532,ගලගම හන්දිය
1533,වැලමිටි වංගුව පාසල
1534,වලස්ගල හන්දිය
1535,වැවුරුකන්නල
1536,ගාල්ල සංඝමිත්තා විදුහල
1537,තුංකම හමුදා කඳවුර
1538,කඩදාසි කම්හල
1539,හිඟුර හංදිය
1540,තඹලපැලැස්ස
1541,කෝන්ගහගාව
1542,තෙරුන්ගම හංදිය
1543,පලුගහවල හංදිය
1544,හැලේකඩ දියවර ගම්මාන පාර-ක‍්‍රිඩාපිටිය
1545,අලුත්වැව පුබුදු පෙර පාසල - පී.ආර්.ඩී.ඒ.
1546,අඟුණුකොලපෑලැස්ස
1547,මහවැව ශ‍්‍රි දුමින්දාරාමය
1548,මුලින බෝධිරාජාරාමය-මුලින ක.වි
1549,පට්ටමලුව- ශ‍්‍රිධර්මවිජය භික්ෂු ආරාමය
1550,හුංගම හංදිය
1551,ගොඩිගමුව පට්ටිය හන්දිය
1552,තල්දුව
1553,ඉහල තල්දුව
1554,පිටදෙණිය
1555,දෙහිඕවිට
1556,ඊරියගොල්ල
1557,අටුළුගම
1558,මාගම්මන
1559,කරවනැල්ල
1560,ගල්පාත
1561,ගොමාඩුව
1562,යටියන්තොට
1563,අලිවත්ත
1564,නවට
1565,හක්බෙල්ලවක
1566,තනකොලවත්ත
1567,තුන්කිඳ
1568,ඉංගිරියවත්ත
1569,තැලිගම රෝහල
1570,බිබිලි ඔය
1571,කිතුල්ගල
1572,බටුකිත්ත
1573,කළුකොහුතැන්න
1574,කළුගල
1575,පිටවල පාසල
1576,මිල්ලගහමුල
1577,රංජුරාව
1578,බදුපොල
1579,පහලකඩවල
1580,ගිනිගත්හේන
1581,ගිනිගත්හේන ප‍්‍රා:ලේ කාර්යාලය
1582,කඩවල දෙමළ විදුහල
1583,දියගල හන්දිය
1584,කරලිනා
1585,වටවල
1586,වටවල සිංහල විදුහල
1587,රොසල්ල
1588,කුයිල්වත්ත
1589,වුඩ්ලන්ඩ් බසාර්
1590,ඩිමලේ
1591,මල්ලියප්පු හන්දිය
1592,පොදු සුසාන භූමිය
1593,කොමර්ෂල්
1594,කොටගල
1595,කොටගල වෙලඳ පොල
1596,පතන
1597,ශ්‍රී‍්‍රපාද අධ්‍යාපන පීඨය
1598,ඩෙවෝන්
1599,සේන්ට් ක්ලෙයාර්
1600,තලවාකැලේ
1601,ලොගි ෆැක්ටරි
1602,ලිඳුල
1603,නාගසේන කඩවීදිය
1604,ආගරකන්ද මඩසාමි දේවාලය
1605,5 කි.මි. කණුව
1606,තිස්පනේ හංදිය
1607,වාලමලේ
1608,9 කිමි කණුව
1609,පසිමලේ/හෝල්බ්ලොක් (පොලිසිය)
1610,මන්රාසිය (පෝඩේස් පාර)
1611,ආගරපතන
1612,පෝට්මෝර් (18 කිමි කණුව)
1613,තඹලගොල්ල (දෙමල මහාවිද්‍යාලය)
1614,ඩයගම
1615,හැටන්
1616,ගොවිජන සේවා කාර්යාලය
1617,මට්ටකැලේ
1618,පාමර්ස්ටර්න් හන්දිය
1619,සමර්සෙට්
1620,රදැල්ල
1621,100 කි.මි. කණුව
1622,කිරිමැටිය
1623,ඩේස්ෆොර්ඩ් කඩමණ්ඩිය
1624,ඩේස්ෆොර්ඩ්
1625,ක්ලැරන්ඩන් වත්ත
1626,රදෑල්ල හන්දිය
1627,නානුඔය
1628,එඩින්බර්ග් වත්ත
1629,බංගලාවත්ත
1630,බලැක්පූල්
1631,වැලිමඩ මධ්‍ය මහා විද්‍යාලය
1632,පුහුල්පොල (දික්කාපිටිය පාර)
1633,104 කිමි කණුව
1634,කහටපිටිය 106 කිමි කණුව
1635,මඩම (විදුලිබලාගාරය)
1636,වේල්ලෙවෙල පේමානන්ද විද්‍යාලය
1637,මිරහල් ගමුව (දෙහිවින්න විද්‍යාල පාර)
1638,ඇටැම්පිටිය කඩවීදිය
1639,නිලිඅතුගොඩ (ගල්ඔය හොටෙල්)
1640,ගලබඩ (නෙළුව වත්ත පාර)
1641,මොරේතොට (ශාන්ත ජේම්ස් වත්ත)
1642,අළුත්වෙල (ට‍්‍රාන්ස්ෆෝමරය)
1643,අඹවක පල්ලිය
1644,හාලිඇල
1645,ක්වීන්ස් ටවුන්
1646,සිංහපුර
1647,පිංආරාව
1648,බදුල්ල
1649,රඹුක්වැල්ල රජමහා විහාරය
1650,26 කි.මි. කණුව
1651,වෑගල බෝධිය
1652,වෑගල කණිෂ්ඨ විද්‍යාලය
1653,ගල්මල්ඔය විෂ්ණු දේවාලය
1654,උඩතැන්න
1655,මැද මහනුවර
1656,වෑතලාව
1657,ගාලෙකැලේ
1658,හුන්නස්ගිරිය
1659,කෙවුල්ගම හංදිය
1660,එනමල්පොත හංදිය
1661,කහටගොල්ලෑව පාලම
1662,උඩුදුම්බර
1663,47 කිමි. කණුව
1664,කෝවිල්මඩ දුම්කොල ගබඩාව
1665,තම්මැටියාන
1666,53 කි.මි කණුව
1667,පෝප්පිටිය හංදිය
1668,57 කි.මි. කණූව
1669,59 කි.මි කණුව
1670,61 කි.මි. කණූව
1671,ගුරුළුපොත විද්‍යාලය
1672,රන්තැල්ල දියඇල්ල පාර
1673,65/5 පාලම
1674,උඩුදාව වාරිමාර්ග කාර්යාලය
1675,හසලක
1676,පල්ලෙවත්ත විද්‍යාලය
1677,පාලම් හංදිය
1678,මහියංගනය
1679,මහියංගනය රෝහල
1680,දම්ඹරාව විදුහල
1681,21 පාලම
1682,20 හංදිය (දඹගොල්ල පාර)
1683,මාපාකඩ (මාපාකඩවැව මහාවිද්‍යාලය)
1684,17 හංදිය
1685,මැද යාය (ගැමුණුපුර පාර)
1686,ආඳාඋල්පත
1687,20 කි.මි. කණුව
1688,ඌරනිය රෝහල
1689,රිදීමාලියද්ද
1690,කන්දේගම / පෝටාව හංදිය
1691,8 කණුව හංදිය
1692,හෑපොල හංදිය
1693,මල්ලැහව හංදිය
1694,4 කණුව (යල්වෙල හංදිය)
1695,වෑගම පිරිවෙණ
1696,2 කි.මි. කණූව
1697,බිබිල
1698,දොඩම්ගොල්ල (2 කි.මි කණුව)
1699,කණුල්වෙල කඩමණ්ඩිය
1700,අයිවෙල හංදිය
1701,5 කණුව (නන්නපුරාව ම.බෙ.ශා)
1702,නන්නපුරාව
1703,8 කණුව ඇස්ගෙඩි පාලම
1704,දහගෝනිය හංදිය
1705,අලවුමුල්ල හංදිය
1706,බකිනිගහවෙල කඩමණ්ඩිය
1707,මොරගහමඩ (21 කි.මි කණුව)
1708,අමුණේකඳුර (23 කි.මි කණුව)
1709,අමුණේකඳුර කණිෂ්ඨ විද්‍යාලය
1710,18 කණුව (27 කිමි කණුව)
1711,දෙහිකිඳගම ප‍්‍රාථමික විද්‍යාලය
1712,ටැන්වත්ත විදුහල
1713,නක්කල
1714,ශ‍්‍රී බෝධිරුක්ඛාරාමය
1715,හිඳිකිවුල
1716,පාලාරුව
1717,හුලංදාව
1718,මොණරාගල
1719,ඉහකැටිය
1720,පල්ලෙමාඔය පාලම
1721,ඉඩමලන්ද
1722,අධීකාරිගම
1723,වික්ටෝරියා උමං කාර්යාලය
1724,හකුරුතලේ හන්දිය
1725,හකුරුතලේ මුරපොල
1726,කෙහොඹගාන පාලම
1727,17 කි.මි. කණුව
1728,ඇඳිරිබැද්ද
1729,ලැමසූරිය
1730,ලිහිණියාගල පාලම
1731,සේරුපිටිය හන්දිය
1732,පන්නල හන්දිය
1733,කීර්තිබණ්ඩාරපුර
1734,සැරසුම්තැන්න
1735,කුරුඳුඔය පාලම
1736,34 කි.මි. කණුව
1737,35 කි.මි. කණුව
1738,37 කි.මි. කණුව
1739,රන්දෙණිගල වේල්ල
1740,මහියංගන හන්දිය
1741,රංටැඹේ පාලම
1742,48 කිමි. කණුව
1743,කහගොල්ල අරාව
1744,මහ කැලේ
1745,බුද්ධංකෝට්ටේ
1746,21 හන්දිය
1747,ඇලපාර හංදිය
1748,පූනගේ වැව
1749,දඹගහ පිටිය
1750,කුරුවිතැන්න පාසල
1751,බුබුල
1752,බූලාගල
1753,කිතුල්හිටියාව
1754,බෝධිය හන්දිය
1755,මඩාටුගම
1756,කොටාගල
1757,කයිලපතාන හන්දිය
1758,ඇලගමුව
1759,කොරස්ගල
1760,කොළොම්බාව
1761,කැකිරාව
1762,ශාස්ත‍්‍රවේලිය
1763,ඉහළගම
1764,මුඩපෙරුමාගම
1765,හිරිපිටියාගම
1766,කුංචිකුලම
1767,ගංතිරියාගම
1768,ගෝනපතිරාව
1769,මහ ඉලුප්පල්ලම
1770,කැලේ දිවුල්වැව
1771,ගල්මඩුව හන්දිය
1772,ඇඳගල හන්දිය
1773,කටියාව හන්දිය
1774,එප්පාවල
1775,පළුගස්වැව
1776,සඳරැස්ගම
1777,ඉහළ වැව
1778,කිරලෝගම
1779,33 කි.මි. කණුව
1780,බටුවත්ත
1781,ඩිපෝව හන්දිය
1782,ඔලුකරද
1783,මිහිඳුපුර
1784,සුනාතෙ
1785,නීරාවිය
1786,ලෝලුගස්වැව හංදිය
1787,4 කණුව (පූසියන්කුලම ම.වි)
1788,5 කණුව (කොක්විච්චිය)
1789,7 කණුව හංදිය
1790,8 කණුව (උළුකම්හල)
1791,මානින්ගමුව හංදිය
1792,මැද ඔයාමඩුව
1793,දෙමටමල්ගම
1794,පුලියන් කුළම
1795,දියවරගම්මාන හන්දිය
1796,කලාවැව
1797,පැන්නුම
1798,බළලු වැව හන්දිය
1799,නෙල්ලිය ගම
1800,අවුකන හන්දිය
1801,සිරිමාගම
1802,හඳුන්ගමුව හන්දිය
1803,දමුණුමුල්ල
1804,බෙලියකන්ද සුදර්ශනාරාම විහාරය
1805,දේවහූව
1806,බුළුණු වැව හංදිය
1807,මකුළුගස්වැව කඩමණ්ඩිය
1808,7 කණුව (වටගල)
1809,බුදුගේහින්න පන්සල
1810,පැල්බැඳියාව පාලම
1811,ආඬ්යාගල හංදිය
1812,හිඟුරුවැව රජමහා විහාරය
1813,පලාගල හංදිය
1814,බමුණුගම
1815,නාන්වත්තේගම
1816,නෑගම සිරිසුමන විද්‍යාලය
1817,නෑගම්පහ කඩමණ්ඩිය
1818,කල්ලංචිය / රැස්වෙභෙර හන්දිය
1819,මැදවච්චිය ග‍්‍රාමීය රෝහල
1820,යලේගම
1821,මාන්කඩවල-වැව පාර
1822,ඇඹුල්ගස්වැව විදුහල
1823,කිනිහිරියාගම පන්සල
1824,නාය ඇල
1825,උත්තුපිටිය කඩවිදීය
1826,මුරියන් කඩවල
1827,කල්වාරි මාවත
1828,උණගොල්ලෑව
1829,මොරගොඩ බැඳිවැව පාර
1830,නාවක්කුලම විදුහල
1831,කුරුළුවැව හන්දිය
1832,යකල්ල ආයුර්වේදය
1833,17 ජනපදය
1834,ගෝමරන් කල්ල කඩමංඩිය
1835,ගලෙන්බිඳුනුවැව
1836,වේවැල්දිගිලිය හන්දිය
1837,128 කි.මි. කණුව
1838,තපෝවනය
1839,මිහින්තලේ
1840,රජරට විශ්ව විද්‍යාල නේවාසිකාගාරය
1841,දොරමඬලාව හන්දිය
1842,යාය 2 හන්දිය
1843,වලේකඩේ හන්දිය
1844,ඇදුරාපොත හංදිය
1845,දේවාලේගම මලියදේව ක.වි
1846,වට්ටාරම (මලියදේව පන්සල)
1847,කෝන්ගස් හංදිය
1848,අපනයන සැකසුම් කලාපය
1849,ඉංගිරිය
1850,මහ ඉංගිරිය/මංකඩ පාර
1851,හුණු කොටුව
1852,කිරිගල හංදිය විදුහල
1853,හඳපාන්ගොඩ හංදිය (හොරණ පාර)
1854,ඉහල බෝපේ හංදිය
1855,පහළ බෝපේ හංදිය
1856,අංගම්පිටිය හංදිය
1857,මීපේ හන්දිය
1858,මාවතගම පන්සල
1859,වත්තේකඩේ
1860,පහත්ගම
1861,යට්ටෝවිට (සුරුවම)
1862,තිත්තපත්තර විද්‍යලය
1863,ගිරිදර
1864,නිකවල දේවාලය
1865,පූගොඩ බස්නැවතුම්පල
1866,භෙට්ටිකඩේ
1867,පල්ලෙගම හංදිය
1868,දොම්පෙ ප‍්‍රාදේශ්‍රීය ලේකම් කාර්යාලය
1869,කිරිඳිවැල
1870,දියගොඩැල්ල
1871,රතමලේ හංදිය
1872,ඌරාපොල හංදිය
1873,අත්තනගල්ල
1874,හග්ගල්ල හංදිය
1875,එල්ලක්කල 2 කණුව
1876,ඇල්ලමුල්ල 1 කණුව
1877,වේදිනිගම (ඇල හංදිය)
1878,සේනපුර රෝහල් හංදිය
1879,දඹෑවටුන කතෝලික පල්ලිය
1880,අලුත් දෙන්නාව -පාසල් හංදිය
1881,කාගම (ඩබල් බෝක්කු හංදිය)
1882,කිමි 11 අක්කර 500
1883,අක්කර 500 හංදිය
1884,හඳුන්ගම හංදිය
1885,හිරිපිටියාගම හංදිය
1886,කලා කරඹෑව විදුහල
1887,ආනකටාව විහාරය
1888,තෙලදින්නාව
1889,ගිරානේගම හංදිය
1890,හල්මිල්ලෑව හංදිය
1891,දෙහිප්පාව විහාර හංදිය
1892,හිඟුරුවැල්පිටිය
1893,කටුපොතගම
1894,පුබ්බෝගම
1895,කටයුකැලියාව වංගුව
1896,උදුරුව හල්මිල්ලෑව හංදිය
1897,දබේවටන හංදිය
1898,දබේවටන 18 කි.මි. කණුව
1899,ගල්කිරියාගම බස් නැවතුම්පල
1900,4 කි.මි. කණුව
1901,මුන්ඩ්රු මුරිප්පු කුලම් (වි.කා.බලකාය)
1902,පරසන්කුලම් 205 කි.මි
1903,පුදුවූර් හංදිය
1904,කනගරාජකුලම් කෝවිල
1905,කනගරාජන්කුලම් ම.වි
1906,කනගරාජන්කුලම් සෞඛ්‍ය මධ්‍යස්ථානය
1907,පෙරියකුලම් දෙමළ ම.වි
1908,මන්නම්කුලම් හංදිය
1909,දුරකථන සංදේශ කුළුණ
1910,කුංචිකුලම් 221 කි.මි කනුව
1911,මාන්කුලම් (මුලතිව් පාර)
1912,මාන්කුලම් ම.වි
1913,226 කි.මි කණුව
1914,පනික්කාන්කුලම් දෙමළ ම.වි
1915,18 කනුව/230 කි.මි කණුව
1916,කොට්ටාව
1917,මාකුඹුර නවීන බස්නැවතුම්පල
1918,හෝමාගම
1919,පනාගොඩ හමුදා කඳවුර
1920,ගොඩගම හන්දිය
1921,නඩුහේන හන්දිය
1922,වටරැක 20 කණූව
1923,ගලගෙදර පාලම
1924,පොලිසිය වටරවුම
1925,ගැටලාව හංදිය (නිකවැව පාර )
1926,යුනියන් හංදිය (බෝගස් හංදිය පාර)
1927,දිවුල්වැව හංදිය (පඩිකාරමඩුව පාර)
1928,අළුත්දිවුල්වැව මහා විද්‍යාලය
1929,අළුත්දිවුල්වැව (කොළණිය පාර)
1930,කොකාවැව හන්දිය
1931,කෑගල්ලේගෙදර හංදිය (20 කි.මි. කනුව)
1932,දුටුවැව (විසුද්ධාරාම පාර)
1933,වේලන්කුලම හන්දිය
1934,පොතාන හන්දිය
1935,සියඹලාගස්වැව විදුහල
1936,සීප්පුකුලම
1937,අඹගහවෙල හන්දිය
1938,මැකිච්චාව
1939,වෙභෙරගල
1940,රන්පත්විල
1941,ලුල්නෑව ගම
1942,බෙක්කෑව
1943,කහටගස්දිගිලිය
1944,තල්ගහපොතාන හන්දිය
1945,කැකිරාව හන්දිය
1946,ගුරුගල් හින්න
1947,කල්පේ මැගිච්චාව
1948,කල්පේ 124 කි.මි. කණුව
1949,ඇලපත්වැව හන්දිය
1950,නානුමිල්ලෑව
1951,ඕලුගස්කඩ
1952,මැදවච්චිය හන්දිය
1953,හොරොව්පතාන
1954,1 කණුව
1955,බාලසූරිය මාවත හංදිය
1956,ඇරැවුල හංදිය
1957,කණ්ඩලම වැව (ජලාශය)
1958,25 හංදිය
1959,කුඹුක්කදන්වල
1960,ලේනව
1961,නිකවටවන (මුස්ලිම් විදුහල හංදිය)
1962,ඉහළ ඇරැවුල හංදිය
1963,දේවාල හංදිය
1964,වෑවල වැව
1965,මරියවත්ත කඩවීදිය
1966,ඇත්ගාල ශ‍්‍රී බෝධිරාජාරාමය
1967,ලක්ෂපීල්ල
1968,තැඹිලිගලවත්ත පාර
1969,උලපනේ කඩවීදිය
1970,පල්ලේගම නන්දනාරාමය
1971,පත්තුනුපිටිය රේල්ගේට්ටුව
1972,නාවලපිටිය රේල්ගේට්ටුව
1973,නාවලපිටිය
1974,කරහඳුන්ගල පාර
1975,3 කණුව (ට‍්‍රයිස්ටාර් ගාමන්ට්)
1976,රඹුක්පිටිය මහා විද්‍යාලය
1977,බලන්තොට බෝධිරුක්ඛාරාම විහාරය
1978,අඹගමුව පන්සල
1979,බගතුලුව පන්සල
1980,delete
1981,මල්ලන්ද බෝධිය
1982,ගොරකඔය හංදිය
1983,රුවන්පුර (මහවැලි තේ කම්හල)
1984,හපුගස්තලාව හංදිය
1985,ගලඋඩපතන (හල්ගොල්ල පාර)
1986,හරංගල හංදිය ම.වි. පාර
1987,කිරිමැටිය හංදිය
1988,කහහේන නාන පීල්ල
1989,රොජසන්ගම මහා විද්‍යාලය
1990,පොත්තුණුගොඩ බ.නැ.
1991,කලපිටිය හංදිය
1992,කොහොල්දෙනිය (ප‍්‍රජා ශාලාව)
1993,නුගතොට හංදිය (අළුත් කඩේ)
1994,පහල වැවහේන හංදිය
1995,පාළුවත්ත හංදිය
1996,සල්ගස් හංදිය (කුඹල්ඔළුව ම.වි)
1997,කහපතන කෝවිල
1998,පූඬළුඔය
1999,මිරිස්මෝල
2000,කළුබෝවිල
2001,නුගේගොඩ
2002,පිටකෝට්ටේ
2003,ඇතුල්කෝට්ටේ
2004,කොස්වත්ත හංදිය
2005,මාලබේ බස්නැවතුම්පල
2006,පිට්ටුගල අමාවතුර අසපුව
2007,කොතලාවල (විහාර මාවත)
2008,මල්වාන හංදිය
2009,බියගම හංදිය
2010,සියඹලාපෙ
2011,දෙල්ගොඩ
2012,නාරංවල
2013,ඇඹරළුව පන්සල
2014,වැලිවේරිය
2015,රතුපස්වල
2016,නාවල
2017,ඩෙන්සිල් කොබ්බෑකඩුව මාවත
2018,රොටරිගම
2019,ඉනාමළුව
2020,102 කි.මි. කණුව
2021,මාගල්ලෙන
2022,දිගම්පතන
2023,අවුඩංගාව
2024,හිරිවඩුන්න පාසල
2025,හබරණ දුම්රිය ස්ථානය
2026,තල්ගෙඩි කන්ද ආරණ්‍යය
2027,122 කි.මි. කණුව
2028,124 කි.මි. කණුව
2029,126 කි.මි. කණුව
2030,ගල් ඔය හන්දිය
2031,හතරැස් කොටුව ගම් උදානය
2032,මහමොරකන්ද පොලිස් මුරපොල
2033,134 කි.මි. කණුව
2034,136 කි.මි. කණුව
2035,යකා වංගුව
2036,140 කි.මි.කණුව
2037,142 කි.මි. කණුව
2038,144 කි.මි. කණුව
2039,ගල්පොත්ත පොලිස් මුරපොල
2040,දිස්ත‍්‍රික් මායිම් පුවරුව
2041,කිතුල්උතුව පාලම
2042,151 කි.මි. කණුව
2043,සීනි කම්හල් හංදිය
2044,86 පාලම
2045,පෝටන් කාට්ටුව
2046,කන්තලේ
2047,බෝගහ හන්දිය
2048,164 කි.මි. කණුව
2049,92 හන්දිය
2050,සාලියපුර හන්දිය
2051,95 හන්දිය
2052,96 හන්දිය (හිජ්රා මහ විද්‍යාලය)
2053,ගල්මැටියාව
2054,98 හන්දිය
2055,99 හන්දිය
2056,තඹලගමුව හන්දිය
2057,සිංහකන්ද
2058,පාලම්පටාර්
2059,මංකි බි‍්‍රජ් හමුදා කඳවුර
2060,කප්පල්තුරෙයි හන්දිය
2061,191 කිමි කණුව (ශ්‍රී‍්‍ර බෝධීපාදනාරාමය)
2062,4 කණුව
2063,අනුරාධපුර හන්දිය
2064,කෙභෙල්තුඩුව හන්දිය
2065,වරාය පොලිසිය
2066,ති‍්‍රකූණාමලය
2067,සර්කිට් හන්දිය
2068,6 කි.මි. කණූව
2069,පිටවාන
2070,10 කි.මි. කණුව
2071,වලව වන උද්‍යාන හන්දිය
2072,14 කි.මි. කණුව
2073,16 කි.මී. කණුව
2074,සෙවනගල පාර හන්දිය
2075,මව්ආර පාලම
2076,13 කණුව
2077,වාරිමාර්ග ඇල
2078,පොලිස් මුර පොළ
2079,මහ වැව පාර
2080,අඟුණුකොලපැලැස්ස පාර
2081,30 කි.මි. කණුව (මල් ආර)
2082,හම්බෙගමුව 3 කණුව
2083,බෝධාගම හන්දිය
2084,කොමලිගම
2085,මල්වත්තාවල විදුහල
2086,වරුණගම
2087,225 කි.මි. කණුව
2088,227 කි.මි. කණුව
2089,පැල්වත්ත
2090,බුරුත හන්දිය
2091,යුදගනාව හන්දිය
2092,බුත්තල
2093,මහගොඩ යාය
2094,දැව සංස්ථාව
2095,කුඹුක්කන
2096,පොල්පිටිය හංදිය
2097,ඊරියදෙනිය (කෙභෙල්අරාව ම.වි.)
2098,මොරතොටයාවත්ත (ක.වි.)
2099,මොරහේනගම (හස්කල් ගාමන්ට්)
2100,මොරහේනගම (ගිරිලෙනගම ප‍්‍රා.ම.වි.)
2101,වග්ගම (මොරහේනගම ම.වි.)
2102,රාජකරුණා කඩේ
2103,6 සැතපුම් කණුව (බුද්ධ ජයන්ති මාවත)
2104,ලක්ෂපාන
2105,දික්ඔය තේ කම්හල
2106,දරවල (DMCC Club)
2107,බී.ඩබ්.ඩී
2108,බටේගල හංදිය(ෆෝඩේස් පාර)
2109,ෆෝඩේස් හංදිය
2110,එම් සී කොටස/කෝවිල
2111,ප‍්‍රස්ටන් හංදිය
2112,ටෝරින්ටන්වත්ත
2113,කල්මදුර මුස්ලිම් පල්ලිය
2114,මන්රාසි කඩවීදිය(ළිදුල පාර)
2115,ආගරපතන කඩවීදිය
2116,පෝර්ට්මෝට් තේ කම්හල
2117,කැලෑබෘෘක් පාලම
2118,හොලිරුඩ් තේ කම්හල
2119,හොලිරුඩ් පල්ලිය
2120,වටගොඩ තේ කම්හල
2121,27 කිමි. කණුව
2122,වටගොඩ කඩවීදිය
2123,පුදුකාඩු කෝවිල
2124,මඩකුඹුර කෝවිල
2125,මඩකුඹුර හංදිය
2126,බෝගහවෙල ආයුර්වේද බෙභෙත් ශාලාව
2127,කයිප්පුගල දෙමල මහා විද්‍යාලය
2128,දික්ඔය කඩවීදිය
2129,6 කිමි කණුව
2130,දිසාරෝහල (දික්ඔය)
2131,නෝවුඩ් කඩවීදිය
2132,ඩිස්පෙන්සරිය
2133,වෙන්චර් තේ කම්හල
2134,උත්සව ශාලාව
2135,ටින්සින් කඩවීදිය
2136,කතරගම දේවාලය
2137,බගවන්තලාව දෙමල ම.වි
2138,බගවන්තලාව
2139,දිඹුල මුස්ලිම් පල්ලිය
2140,මවුන්ට්වෙරන් (කෝවිල)
2141,දිඹුල හංදිය (දෙමළ ම.වි.)
2142,බෝගහවත්ත හංදිය (රාවනාගොඩ පාර)
2143,බාස්වාඩිය
2144,පාලම
2145,මහවැලිගම
2146,බෙරමාන හංදිය (විජයබාහු කන්දපාර)
2147,රාවණාගොඩ
2148,කුඩා ඔය සුසාන භූමිය
2149,කොටගල කාර්මික ජනපදය
2150,කොටගල ඉහල නගරය (නුවරඑළිය ප‍්‍රා.සභාව)
2151,කොටගල රෝහල
2152,පතන හංදිය (රාවනාගොඩ පාර)
2153,ඩෙවොන් දියඇල්ල
2154,සෙන්ක්ලෙයාර් දියඇල්ල
2155,සෙන්ක්ලෙයාර් පන්සල
2156,තලවකැලේ බ.නැ
2157,බෙයාරවෙල් කඩමණ්ඩිය
2158,ලිදුල(ඩයගම පාර)
2159,T.R.I හංදිය
2160,ෆාල්ම්ස්ටන් කඩමණ්ඩිය
2161,සමර්සෙට් (වතු කා. පාර)
2162,රදැල්ල කඩ වීදිය
2163,කිරිමැටිය කඩමණ්ඩිය
2164,මෙරායා හංදිය (ඩයගම පාර)
2165,ඩෙස්පෝඩ් පාසල
2166,ඩෙස්පෝඩ් (කළමණාකරු බංගලාව පාර)
2167,ඩෙස්පෝඩ්(108/2 පාලම)
2168,නානුඔය කඩවීදිය
2169,එඩින්බරෝවත්ත පාර
2170,බංගලාහත(113/7 බෝක්කුව)
2171,බ්ලැක්ෆූල් හංදිය(මිලිපිමාන පාර)
2172,සිටි හංදිය
2173,බොරලන්ද හංදිය
2174,සමර්හිල් දළු මඩුව
2175,කෝට්ලොඩ්ජ් (පිදුරුතලාගල පාර)
2176,6 කනුව (නෝනවත්ත හංදිය)
2177,කදපොල(කූරවත්ත පාර)
2178,ශාන්ත ජෝන් (12 කි.මි.කනුව)
2179,ශාන්ත ජෝන් වත්ත පාර
2180,බෘෘක්සයිඩ් හංදිය (හයිෆොරන්ට් පාර)
2181,18 කිමි කණුව
2182,සූරියකන්ද හංදිය (වලපනේ පාර)
2183,රාගල බ.නැ
2184,මැදවත්ත කඩමණ්ඩිය
2185,ඩික්සන් කෝනර්(තේ.ක.ශා)
2186,ඩික්සන් කෝනර් (සෙනරත්පුර ම.වි.)
2187,ඩෙල්මාර් කෝවිල
2188,ඇමර්ස්ට් හංදිය (නිල්දණ්ඩාහින්න පාර)
2189,වෝල්ඩ්මාර්වත්ත පාර
2190,සෙල්වකන්ද කඩමණ්ඩිය (තැපැල් පෙට්ටි)
2191,ඇනික්වත්ත(2 වන බස්නැවතුම)
2192,උඩුපුස්සැල්ලාව
2193,ගම්පොළ බස් නැවතුම්පල
2194,පුවක්ගොඩමුල්ල
2195,රීදිපාන
2196,දුන්හිඳ
2197,තිඹිරිගස්පිටිය
2198,අඹගහඔය පාලම
2199,9 කි.මි කණූව
2200,තල්දෙන සිරකඳවුර
2201,බන්ධනාගාර ගොවිපොළ
2202,තල්දෙන පන්සල
2203,අංගොඩ හංදිය
2204,21 කි.මි. කණුව
2205,මීගහකිවුල නාමපුවරුව
2206,මීගහකිවුල
2207,අරාව හන්දිය (16 කණුව)
2208,බලගොල්ල විදුහල
2209,කරමැටිය(පොළ)
2210,කරමැටිය ආයුර්වේද රෝහල
2211,මුංවත්ත 45 කිමි කණුව
2212,ආඳාවල දියඇල්ල
2213,ආඳාවල 50 කිමි කණුව
2214,නාරන්තලාව හංදිය
2215,වැවකැලේ 54 කිමි කණුව
2216,කුඹල්ගමුව පන්සල පාර
2217,තැන්හේන්වල 56 කිමි කණුව
2218,කුඹල්ගමුව පැල තවාන
2219,වලපනේ ගොවිජනසේවා මධ්‍යස්ථානය
2220,කෝවින්න
2221,මල්ගස් හංදිය
2222,කටුනායක
2223,මහගම 2/4 බෝක්කුව
2224,පන්නල ම.වි
2225,පුරන්කුඹුර/හෑගම හංදිය
2226,අඹන්ඇල්ල 2 කණුව
2227,වැව වත්ත
2228,උඩමාදුර බෝධිය
2229,උඩමාදුර(විද්‍යාප‍්‍රදීප ම.වි)
2230,උඩමාදුර 6 කණුව
2231,දඩයම්පොල රිවස් වංගුව
2232,තෙරිපැහැ
2233,1 කනුව වංගුව
2234,නාගල පන්සල
2235,බදුලු ඔය
2236,පොකුන්නැහැව පන්සල
2237,විල ඇතිගොඩ පන්සල
2238,පිටකුඹුර (රෝහල)
2239,7 කනුව (ප‍්‍රජා ශාලාව)
2240,8 කනුව (මල්දම් අඹේ හංදිය)
2241,සේරව විදුහල
2242,පේරන හංදිය
2243,ගමණව පන්සල
2244,බුලුපිටිය ම.ම.වි
2245,කරාබුගල
2246,මාකඩ කන්ද මාකඩ කන්ද
2247,රන්තුරුගල පන්සල
2248,රන්තුරුගල සායනය
2249,ගල්ගමුව පන්සල
2250,මුල්ලේගම පුරාන විහාරය
2251,රත්මලගහඇල්ල (බෙභෙත් ශාලාව)
2252,මුල්ලේගම පන්සල
2253,මුල්ලේගම ආරන්‍ය
2254,42 කිමි. කණුව
2255,44 කිමි.කණුව
2256,46 කිමි. කණුව
2257,පිටවාන (දිස්ත‍්‍රික් මායිම)
2258,නාමල්ඔය (බෝ ගහ)
2259,නාමල්ඔය හංදිය
2260,නාමල්තලාව (ශෛලබිමිබාරාමය)
2261,58 කි.මී.කණුව
2262,මහියංගනය නාම පුවරුව
2263,දෙහිගොල්ල මහා විද්‍යාලය
2264,78 කි.මි කණුව
2265,අරාවත්ත සේරාන විද්‍යාලය
2266,ඔරුබැඳි වැව
2267,කෙසෙල්පොත හංදිය
2268,රත්කිඳ හංදිය
2269,උල්හිටිය ඔය
2270,මාවරගල ආරණ්‍යය
2271,දඹාන
2272,වේවත්ත
2273,කුකුළාපොල හංදිය
2274,මුරුංගාගල රජමහා විහාරය
2275,මාඳුරා ඔය
2276,වැලිකුඹුර පන්සල
2277,මීගස්වත්ත (බිබිල පාර)
2278,පදියතලාව අභිනවාරාමය
2279,පදියතලාව
2280,නාවින්න රජමහා විහාරය
2281,ගල් පල්ලිය
2282,සේරන්කඩ මහා විද්‍යාලය
2283,228 කි.මි කණුව
2284,පළතුරු ඇල්ල (230 කි.මි කණුව)
2285,හරස්ගල
2286,කැකිරිහේන උප තැපැල් කාර්යාලය
2287,දඹදෙනිය විද්‍යාලය
2288,මහඔය
2289,මහඔය පාලම
2290,69 හංදිය
2291,බොරපොල විද්‍යාලය
2292,පියාසරගම පොලිසිය
2293,පියාසරගම
2294,අරන්තලාව පොලිසිය
2295,ගලේ පන්සල
2296,නුවරගලතැන්න විද්‍යාලය
2297,40 කි.මී. කණුව
2298,මංගලාරාම විද්‍යාලය
2299,කොහොඹගස්තලාව හමුදා කඳවුර
2300,කෙවිලියමඩු හමුදා කඳවුර
2301,පුළුකූණාව / 30 කි.මි. කණුව
2302,දිවුලාන මහ විද්‍යාලය
2303,පියංගල
2304,රජගලතැන්න/ බක්කිඇල
2305,නවගිරියාව රජයේ බෙභෙත් ශාලාව
2306,ගොනාගොල්ල කඩමංඩිය
2307,මයාදුන්න විදුහල
2308,වෑරංකැටගොඩ
2309,ආඳල්ඔය හන්දිය
2310,24 හන්දිය ( උදයගිරි විදුහල)
2311,උහන
2312,බි‍්‍රජ් කෑම්ප්
2313,සමනබැද්ද පන්සල
2314,ගුවන්තොටුපල
2315,කරන්ගාව විද්‍යාලය
2316,මහා විද්‍යාල හන්දිය
2317,අම්පාර බස් නැවතුම්පොල
2318,බ‍්‍රවුන් හන්දිය
2319,ලොග්ගල්ඔය පාලම
2320,අක්කරෙයිපත්තු හන්දිය
2321,දීඝවාපීය හන්දිය
2322,කුලත්තාවලි හන්දිය
2323,වාරිමාර්ග හන්දිය
2324,බානගම හන්දිය
2325,ඉලුක්චේන හන්දිය
2326,8 කි.මි. කණුව
2327,ආලන්කුලම් හන්දිය
2328,අරසඩි පාසල
2329,අක්කරෙයිපත්තු
2330,244 කිමි කණුව
2331,246 කිමි කණුව
2332,පුහුලාන හමුදා කඳවුර
2333,ටැමිපිටිය හංදිය
2334,ටැමිපිටිය පාසල
2335,ටැම්පිටිය පන්සල
2336,අරලගංවිල
2337,අළුත්ඔය ගාමිණී විද්‍යාලය
2338,කුඩා සීගිරිය හංදිය
2339,කජුවත්ත
2340,වීරලන්ද ප‍්‍රාථමික විද්‍යාලය
2341,සඳගලතැන්න
2342,නිකවතලන්ද
2343,මාවනාවෙල හංදිය
2344,තුවාරගල හංදිය
2345,දොලකන්ද
2346,බෞද්ධ මධ්‍යස්ථානය
2347,දෙහිඅත්තකණ්ඩිය බස් නැවතුම්පල
2348,මුවගම්මන පාලම
2349,දමුන්නරුව පාලම
2350,සඳුන්පුර හමුදා කඳවුර
2351,කුඩාඔය පාලම
2352,කුඩාගම විදුහල
2353,නව මැදගම
2354,දියවිද්දාගම හංදිය
2355,තෙල්දෙනියාය හංදිය
2356,බෙලගන් වැව හංදිය
2357,හොබරියාව
2358,ගිරාඳුරුකෝට්ටේ බස්නැවතුම්පල
2359,මල්ලත්තාව විදුහල
2360,ගිරාලගොල්ල
2361,බතලයාය හංදිය
2362,අලුත්තරම
2363,නිදන්ගල
2364,තලංගමුව හංදිය
2365,2 හංදිය පාලම
2366,බක්මීදෙනිය
2367,හුංගමාලගම
2368,රත්මල්කඳුර
2369,සිරිපුර
2370,පළුදෙණිය
2371,මීවත්පුර
2372,මැදගම්පිටිය
2373,නවගහ ඇල
2374,නුවරගල
2375,දික්කැන්දයාය බෝගහ හංදිය
2376,තිස්සපුර ශ‍්‍රී සුමංගලාරාමය
2377,තිස්සපුර (කුඩාලුණුක පාර)
2378,යාය 11 (කෙසෙල්පොත පන්සල)
2379,යාය 12/ කෙසෙල්පොත
2380,රත්මල්කණ්ඩිය
2381,පල්ලේගම
2382,බඳනාගල හන්දිය
2383,කළුකැලේ
2384,වැව්බැම්ම බුදුපිළිමය
2385,ඇල්ලෙවැව පාලම හංදිය
2386,ඉහළ ඇල්ලෙවැව ක.වි
2387,කහ පාලම
2388,මහදමන
2389,බක්මීදෙනිය පුරාණ විහාර පාර
2390,රන්භෙළගම ආයුර්වේදය
2391,රන්භෙලගම ඔය පාලම
2392,සල්පිටිගම
2393,ට්‍රෝඩා පාලම
2394,ලිහිණියාගම පන්සල
2395,වෑකන්ද
2396,උදයපුර
2397,ස්මයිල්පුර
2398,වලතාපිටිය
2399,නාඩන්කඩ
2400,බංගලාවාඩි
2401,වීරමුනෙයි හන්දිය
2402,සමන්තුරෙයි
2403,මාවඩි පල්ලිය
2404,කාරතීව්
2405,සායින්ද මරුදු
2406,කැට්ල් ෆාම්
2407,වාවින්න
2408,පරගහකැලේ
2409,කොන්ඩවටවාන් කඳවුර
2410,අම්පාර නාම පුවරුව
2411,හාඩි ඟෙක්නිකල්
2412,තුවාරගල හංදිය (පුස්සැලවින්න පාර)
2413,තුවාරගල ට‍්‍රාන්ස්පෝමරය
2414,කුඩාගල හංදිය
2415,සමනලතැන්න හංදිය
2416,සුරියපොකුණ
2417,ධාතුසේන මාවත
2418,පුස්සලවින්න
2419,දුන්කලවත්ත හන්දිය
2420,කහනියගොඩ හන්දිය
2421,බතලයාය හන්දිය
2422,අළුත්තරම කෘෂිකර්ම ගොවිපල
2423,සීටීසී හංදිය
2424,ගින්නොරුව එකොළහේ කණුව
2425,ගින්නොරුව හංදිය
2426,භෙබරව
2427,අළුයටවල පන්සල
2428,තල්දෙන කඩේ
2429,රොටලවෙල
2430,දිවුලපැලැස්ස සුගතාරාමය
2431,දිවුලපැලැස්ස දහම් මාවත
2432,දිවුලපැලැස්ස
2433,නිශ්ශංකමල්ල ප‍්‍රාථමික විදුහල
2434,දළුකාන
2435,71 කි.මි. කණූව
2436,69 කි.මි. කණූව
2437,දිඹූලාගල
2438,මැණීකේ ඇල
2439,පැලෑටියාව
2440,මඟුල්දමන
2441,දෙහිඅත්තකණ්ඩිය
2442,නිශ්ශංකමල්ල විදුහල
2443,කුඩාවැව කණිෂ්ඨ විද්‍යාලය
2444,පැලතවාන
2445,මැදගම කණිෂ්ඨ විද්‍යාලය
2446,පුලතිසිරාවය (යාන්ත‍්‍රික වැඩපල)
2447,රත්මල්තැන්න පන්සල
2448,10 කණුව /15 කිමි කණුව
2449,මාදුරුඔය 1
2450,මාදුරුඔය 2
2451,මාදුරුඔය 3
2452,මාදුරුඔය 4
2453,මාදුරුඔය 5
2454,මාදුරුඔය 6
2455,මාදුරුඔය 7
2456,මාදුරුඔය 8
2457,මාදුරුඔය 9
2458,මාදුරුඔය 10
2459,මහඔය 1
2460,මහඔය 2
2461,මහඔය 3
2462,මහඔය 4
2463,මහඔය 5
2464,උමංදොල (පාලම ගල්වල)
2465,කුඩගලදොල හංදිය (කිතුල්ලෑලි පාලම)
2466,උඩගොමඩිය හංදිය
2467,ගොමඩිය(ක.වි)
2468,සියරාපිටිය (තුංමං හංදිය)
2469,කටුවන
2470,20 කණුව (දරමිටිආර පාර)
2471,තල්වත්ත හන්දිය (සුගත බිම්බාරාම පාර)
2472,අඹගස්ආර හන්දිය
2473,වැලිපිටිය හංදිය (ජුලම්පිටිය පාර)
2474,වලල්ගොඩ
2475,ඩංඩුම හංදිය/සෙවනගල
2476,කිරිබ්බන්ආර පොල
2477,සමගිපුර හන්දිය
2478,මල්අත්තාවල හංදිය
2479,වරුණගම හංදිය
2480,පහළවරුණගම ළිඳආර
2481,බ්ලොක් 3 හංදිය
2482,බ්ලොක් 3 සීමාව
2483,බ්ලොක් 4 ආරම්භය
2484,බ්ලොක් 4 බෝධිමළු විහාරය
2485,බ්ලොක් 5 ආරම්භය
2486,බ්ලොක් 6 රථවාහන කාර්යාලය
2487,සියඹලාගස් හංදිය
2488,තලාකොළවැව හංදිය
2489,පොල හංදිය
2490,11 ජනවසම (බෝගහ හංදිය)
2491,කලිසංනුගේ
2492,බ්ලොක් 14 (කාර්යාලය)
2493,බ්ලොක් 14 (වන්දම පාර හංදිය)
2494,බ්ලොක් 12
2495,වන්දම
2496,මව්අරාව පාලම
2497,වෙල්ලච්චි කඩේ
2498,මදුරුකැටිය
2499,නවමිල්ලාන
2500,සදුන්පුර හමුදා කදවුර
2501,දෙහිඅත්තකණ්ඩිය බ.නැ
2502,10 කණුව / 15 කි.මි. කණුව
2503,7 කණුව (කාර්මික පුහුණු ම. පාර)
2504,5 කණුව /ගල්තලාව හංදිය
2505,ගල්තලාව (යාය 8 පාර)
2506,ගල්තලාව (D-5 පෙට්ටිකඩේ හංදිය)
2507,නෙලුම්වැව මහවැලි ගම්මානය
2508,ගිනිදමන හංදිය (අලුත්වැව පාර)
2509,Z-D ඇල ගිනිදමන පාර
2510,Z-D ඇල (32 කි.මි. )
2511,බැදි වැව ම.වි.
2512,කුරුප්පු හන්දිය
2513,පළුගස්දමන
2514,වලේකඩේ
2515,කුමාරස්වාමි වාඩිය
2516,වැවේතැන්න
2517,කුඹුක්කන්ආර
2518,බී ඕ පී - 314
2519,තඹාල
2520,තලපත්ආරුව
2521,බී ඕ පී - 400
2522,දැල්පාලම
2523,ජයතුංග කඩේ
2524,කඹුරාන
2525,ගල්ඇටුඹ (මෝල හංදිය)
2526,කැටියපේ(කනිෂ්ඨ විද්‍යාලය)
2527,කැටියපේ (තැන්නහේන)
2528,මෝදර හංදිය
2529,හඳුගල (හිඟුරවත්ත හංදිය)
2530,පාතගම (කනිෂ්ඨ විදුහල)
2531,වරාපිටිය හංදිය
2532,පහළවත්ත (ජාඉරගොඩ පාර)
2533,බටගස්ස ප‍්‍රජා ශාලාව
2534,කිරම හංදිය
2535,වල්ගම්මුල්ල (වික‍්‍රමසුරිය මාවත)
2536,ඕබඩගහදෙනිය (වතුකන්ද පන්සල පාර)
2537,පෙරිය පාලාරුව
2538,සින්න පාලාරුව
2539,අඹගොල්ල පුස්තකාලය
2540,රදලියද්ද 194 කිමි කණුව
2541,196 කිමි කණුව
2542,198 කිමි කණුව
2543,200 කි.මි. කණුව
2544,මාදුරුඔය පාලම
2545,කණ්ඩිඅරාව 204 කිමි කණුව
2546,ඇකිරියන්කුඹුර (රිදීමාලියද්ද පාර)
2547,ඇකිරියන්කුඹුර මහාවිද්‍යාලය
2548,අරළුපිටිය (209 කිමි කණුව)
2549,212 කිමි කණුව
2550,කෙභෙල්උල්ල
2551,පුල්ලුමලේ
2552,පුල්ලුමලේ කන්ද
2553,වැලිකන්ඩි
2554,78 කණුව
2555,කෝප්පවේලී
2556,තුම්පාලම්චෝලෙයි
2557,පිල්ලෙයාර්අඩි
2558,පූදුර් හන්දිය
2559,රාජපුරම්
2560,මාරපාලම්
2561,සින්නපුල්ලුමලේ
2562,කරඩියනාරු
2563,274 කි.මි. කණුව
2564,ඉලුප්පඩිචේන්නෙයි
2565,278 කි.මි. කණුව
2566,මුතුරායිඅඩි කන්ද
2567,වයිරවර් කෝවිල්අඩි
2568,තියාවට්ටවාන්
2569,කායංකේනි පාලම
2570,කායන්කේනි හමුදා මුරපොල
2571,මාන්කර්නි සේවා ලංකා නිවාස
2572,කිරිමිච්ච පාලම
2573,කජුවත්ත හමුදා මුරපොල
2574,පරිච්චංකේනි හමුදා මුරපොල
2575,පරිච්චන්කේනි හංදිය
2576,පිල්ලෙයිඅඩිමඩු
2577,වාකරේ පොලිසිය
2578,වාකරේ ම.වි. පාර
2579,වාකරේ ඩිපෝව
2580,වාකරේ ගොවිජන සේවා කාර්යාලය
2581,පාල්චෙනායි රෝහල
2582,කදිරවේලි පාසල
2583,වෙරුගල්
2584,ලංකා පටුන හංදිය
2585,ආනතිවු හන්දිය
2586,කෝමන්ගොඩ
2587,හතමූණ (බටුවිට පාර)
2588,පුහුල්වැල්ල
2589,වලකන්ද හන්දිය
2590,කෝන්ගල
2591,හක්මන
2592,වේපතඉර (ගුණසේන මහා විද්‍යාලය)
2593,දෙනගම (මූලටියන පාර)
2594,බඩබද්ද මහා විද්‍යාලය
2595,පනන්වෙල
2596,නතුවල
2597,මුදුන
2598,වැලිඅමුණ
2599,හොරේවෙල හන්දිය
2600,රදනිආර හන්දිය
2601,කිරම (දම්මානන්ද මහා විද්‍යාලය)
2602,බඩගහදෙණිය
2603,දරමිටිආර
2604,වැලිපිටිය (ජූලන්පිටිය පාර)
2605,18 කණුව (දෙනගම බටහිර පන්සල පාර)
2606,පීල්ල ළඟ (බටදොල කණිෂ්ඨ වි. පාර)
2607,උඩවත්ත කඩේ
2608,සේදවත්ත
2609,කුඩා ඔය සමූපකාරය
2610,කුඹුක්කොටේ හංදිය
2611,හදපානගල හංදිය
2612,18 කණුව (27 කි.මි කණුව)
2613,8 කණුව (ඇස්ගෙඩි පාලම)
2614,5 කණුව (නන්නපුරාව මධ්‍ය.බෙ. ශාලාව)
2615,දොඩම්ගොල්ල (2 කිමි කණුව)
2616,2 කි.මි.කණුව
2617,මැදයාය (ගැමුණුපුර පාර)
2618,වැවුරු කන්නල
2619,වැලමිටිවංගුව පාසල
2620,ඉහල හල්පේ
2621,පහල හල්පේ
2622,දෙමෝදර
2623,උඩුවර කිරි මධ්‍යස්ථානය
2624,උඩුවර 7 කණුව
2625,උඩුවර 6 කණූව
2626,5 කණුව
2627,මිරිජ්ජවිල(සූරියවැව පාර හංදිය)
2628,වරාය නිළ නිවාස පාර හංදිය
2629,නාගර වැව පාර හංදිය
2630,හම්බන්තොට නව රෝහල
2631,ජාත්‍යන්තර සම්මන්ත‍්‍රණ මධ්‍යස්ථානය
2632,පරිපාලන සංකීර්ණය
2633,සැම්රිම් හොටෙල්
2634,යහන්ගල (පැලැස්ස වැව පාර)
2635,සමුපකාර හංදිය
2636,බඳගිරිය හංදිය
2637,20 හංදිය (වැලිගත්ත පාර)
2638,18 කොළනිය හංදිය
2639,19 කොළණිය හංදිය (ඇතුනදවල ප‍්‍රා.වි.පාර)
2640,8 කොළනිය (තාසීම් විදුහල)
2641,8 කොළණිය (යෝජිත වීරවිල නව නගරය)
2642,7 කොළණිය (ශ‍්‍රි පුෂපාරාමය)
2643,6 කොළනිය (ගෝනලැග්ග වැව පාර)
2644,6 කොළනිය (අභයපුර ක.වි. පාර)
2645,5 කොළනිය (මහානාගපුර ම.වි)
2646,සියඹලාගස්වැව පාර
2647,ලුණුගම්වෙභෙර
2648,ඇල්පිටිය
2649,කොරදැලේ බෝක්කුව 15/1
2650,නව අධිවේගී මාර්ගය
2651,KADW මහාමාර්ග වැඩපල
2652,6 කණුව. කොස්වතු මානාන
2653,මහඒදණ්ඩ හංදිය
2654,දංගහවිල කනිෂ්ඨ විද්‍යාලය
2655,ඇරවවිල හංදිය
2656,පරගහතොට 1 කණුව
2657,මොරකන්දගොඩ(ශ‍්‍රී පූර්වාරාමය පාර)
2658,කඩිගමුව පුරාණ විහාර පාර
2659,මොදරවාන(සමරසිංහපුර පාර)
2660,ඕකෙවෙල හංදිය(මුල්ගිරිගල ර.ම.වි පාර)
2661,පල්ලත්තර මහා විද්‍යාලය
2662,දම්මුල්ල හංදිය
2663,කහවත්ත මහා විද්‍යාලය
2664,බුන්දල හංදිය/කිරින්ද පාර
2665,බුන්දල ජාතික උද්‍යාන කාර්යාලය
2666,බුන්දල ජාතික උද්‍යාන පිවිසුම් දොරටුව
2667,බුන්දල ලුණු ලේවාය පාර
2668,7 කි.මි.කණුව -බෝධිය
2669,රකිතවැව පාර
2670,සිරියාගම හන්දිය-සූරිය වැලැන
2671,සිරියාගම ඇලකර-13 කි.මි.කණුව
2672,මාගම අක්කර 18 හංදිය
2673,අන්දරගස්යාය හංදිය
2674,ගොඩවාන හංදිය/සියත පෙර පාසල/සිදුජය
2675,වීවින් හංදිය(වාඩියගොඩ ක.වි)
2676,කට්ටකඩුව කණිෂ්ඨ විද්‍යාලය
2677,එරමිණියාය
2678,අනෝදාව පාලම
2679,නයිගල පන්සල
2680,හීන්බුන්න නිග්‍රෝධාරාමය
2681,උඩයාල හංදිය
2682,හකුරුවෙල හංදිය
2683,තලම්පෝරුව හංදිය
2684,කොටවාය පිරිවෙණ
2685,මහඇල හංදිය
2686,ගුරුවල හංදිය
2687,යකාගල හංදිය
2688,තඹරවිල
2689,දංකොටුව බස් නැවතුම්පොල
2690,දුම්මල කොටුව
2691,ඇටියාවල
2692,යෝගියාන
2693,සිංගක්කුලිය දේවාලය
2694,වැටකෙයියාව
2695,ගලයාය
2696,පන්නල බස් නැවතුම්පොල
2697,තලම්මැහැර
2698,මාහොලව
2699,බෝපිටිය
2700,මත්තේගම
2701,සිරිගල
2702,වැලියාය
2703,ඔබ්බේගොඩ
2704,මඩුගස්මුල්ල
2705,ගෝනතලාව හන්දිය
2706,ගලබැද්ද විදුහල
2707,ශ්‍රී‍්‍රපාන පාලම
2708,කොලොංවින්න හන්දිය
2709,269 කි.මි. කණුව
2710,ලියන්ගොල්ල
2711,දොඹගහවෙල
2712,275 කි.මි. කණුව
2713,නුගගහකිවුල
2714,කොඩයාන
2715,මන්ඩාගල හන්දිය
2716,හිරිපිටිය හන්දිය
2717,සියඹලාණ්ඩුව
2718,නෙත්මිණී හෝටලය
2719,සියඹලාණ්ඩු මහ විදුහල
2720,මුතුකණ්ඩිය එස්ටීඑෆ් කඳවුර
2721,මුතුකණ්ඩිය හන්දිය
2722,කන්ද උඩ පංගුව හන්දිය
2723,අලිවංගුව
2724,බුද්දම හන්දිය
2725,බෝවල
2726,කොටාගොඩ
2727,වඩිනාගල
2728,29 කි.මි. කණුව
2729,එග්ගල් ඔය කනිෂ්ඨ විදුහල
2730,එග්ගල් ඔය ජලාශ හන්දිය
2731,එග්ගල් ඔය හන්දිය
2732,අම්බලන් ඔය හන්දිය
2733,පාදාගොඩ
2734,දමන සිද්ධාර්ථ විදුහල
2735,හිඟුරාන
2736,ග‍්‍රාම අංක 7 හන්දිය
2737,මුවන්ගල
2738,මුතුකෙලියාව ක.වි
2739,මුත්තෙට්ටුගම හන්දිය
2740,20 කණුව ඇල
2741,289 කි.මි. කණූව
2742,නාමළුව විහාර පාර
2743,මහකළුගොල්ල විද්‍යාලය
2744,මහකළුගොල්ල පොලිසීය
2745,හුලංනුගේ කෘෂිකාර්මික කාර්යාලය
2746,හුලංනුගේ තරුලෙන්ගල ආරන්‍යය
2747,මහවල කඳවුර
2748,පරණ වනජීවි ගොඩනැගිල්ල
2749,ලාහුගල රෝහල
2750,මඟුල් මහා විහාර හන්දිය
2751,310 කි.මි. කණූව
2752,සෙංගමු වැව
2753,අල්මීනා මුස්ලිම් විදුහල
2754,3 කණුව පොලිස් මුර පොල
2755,2 කණුව (ඇල බෝක්කුව)
2756,පොතුවිල්
2757,ශි‍්‍රපාන පාලම
2758,සඳුන් අරණ
2759,2 කණුව/ වතුර ටැංකිය
2760,එත්තාම්
2761,65 පාලම
2762,හිප්රාපුර හංදිය
2763,ඌරනි සරස්වතී ම.වි
2764,60 සැතපුම් කණුව (329 කි.මි කණුව)
2765,331 කි.මි.කණුව
2766,කෝමාරි ( හමුදා කදවුර)
2767,කෝමාරි (කෘෂිකර්ම මධ්‍යස්ථානය)
2768,336කි.මි.කණුව
2769,තිමුට (338කි.මි.කණුව)
2770,තිත්තියාඩි /සංගමකන්ද (කෝවිල)
2771,තම්බරකුලම් පාලම
2772,344 කි.මි.කණුව
2773,ක්විරංකුඩා (ජල ව්‍යාපෘතිය)
2774,කාංචනාකුඩා හංදිය
2775,විනයාගපුරම්
2776,තිරික්කෝවිල්
2777,ආයුර්වේද බෙභෙත් ශාලාව
2778,තම්බිලුවිල්
2779,පෙරිය මුහත්තුවාරම්
2780,යාන්ත‍්‍රික වැඩපල
2781,රන්ටැඹේ (උප තැපැල් කාර්යාලය)
2782,මිනිපේ ඇනිකට්
2783,මිනිපේ හංදිය (වනජීවී කාර්යාලය)
2784,9 කණුව (කොළොන්ගස් දෙක)
2785,අඹගහපැලැස්ස (මිනිපේ ක.වි. පාර)
2786,6 කණුව (අසමෝදගම්යාය ප‍්‍රාථමික වි. පාර)
2787,5 කණුව (සඳගල් විහාරය)
2788,හඳගනාව කඩමණ්ඩිය
2789,31 ඇල (රඹුක්වැල්ල විදුහල පාර)
2790,මොරයාය කඩමණ්ඩිය (බුලත්වැල් කදුර පාර)
2791,වේරගංතොට (ගනිසම හංදිය)
2792,අළුවිහාරය
2793,තොටගමුව
2794,පලාපත්වල
2795,කවටයාමුණ
2796,කවුඩු පැලැල්ල
2797,උතුරු මාතලේ
2798,මඩවල උල්පත
2799,කොහොලන්වල
2800,උඩුදෙණිය
2801,නාලන්ද
2802,දුම්ගම්වෙල
2803,අරංගල
2804,නාඋල බස් නැවතුම්පොල
2805,මොදැල්ල ප‍්‍රාථමික පාසල
2806,මහවැලි හන්දිය
2807,ලෙනදොර මලියදේව විහාරය
2808,පන්නම්පිටිය විදුහල
2809,40 සැතපුම් කණුව
2810,දඹුලු ඔය
2811,විහාර හන්දිය
2812,සුංගාවිල
2813,ජයසිංහ බෞද්ධ මධ්‍යස්ථානය
2814,සෝමාවතිය
2815,සපත්තුපාලම
2816,පොල්තවාන
2817,පොල්ගස්වැව ආයුර්වේදය
2818,මහඋල්පත
2819,බිම්පොකුණ
2820,2 කණුව
2821,කොතලාවල හංදිය
2822,හිඟුරක්ගොඩ
2823,R-B 05(ශ‍්‍රි සුගත බිම්බාරාම පාර)
2824,හිඟුරක කණිෂ්ඨ විද්‍යාලය
2825,5 කණුව හංදිය
2826,ගල්අමුණ හංදිය
2827,22 ඇල
2828,තල්පොත B.O.P 317 හංදිය
2829,අක්කර 45 (පියකරු ටේ‍්‍රඩර්ස්)
2830,කෑගලුගම කණිෂ්ඨ විද්‍යාලය
2831,වින්සන්ට් පාර්ක්
2832,පිංපාර
2833,එල් බී - 9
2834,කඩුමුල්ල
2835,පන්සල්ගොඩැල්ල කඳවුර
2836,බුද්ධයාය
2837,ඇල හන්දිය
2838,දමන හන්දිය
2839,දිවුලාන හන්දිය
2840,12 ඇල හන්දිය
2841,ඕනෑගම
2842,අලවකුඹුර මහා විද්‍යාලය
2843,ගණදෙවි හංදිය
2844,දම්මින්න (අරුණපුර පාර)
2845,ඉහලවැව හංදිය
2846,දිවුල්දමන හංදිය
2847,අරුණපුර
2848,නාගොඩ හංදිය
2849,රෙජිනවත්ත හංදිය
2850,තුඩුගල හංදිය
2851,පරණ පොලිසිය හංදිය
2852,සපුගහවත්ත හංදිය
2853,මලබොඩ හංදිය
2854,යටදොලවත්ත හංදිය
2855,කඩවක හංදිය
2856,වැල්කන්දල හංදිය
2857,මතුගම
2858,සිරිකඳුර හංදිය
2859,හොරවල හංදිය
2860,හොරවල ශෛලශේඛරාරාමය
2861,පේරගස් හංදිය
2862,ලිහිණියාව/මූකලාන පාර
2863,හල්වල්කැලේ පාර
2864,මොරගල හංදිය/බෙල්ලන පාර
2865,මීගහතැන්න/අවිත්තාව පාර
2866,කුම්බදූව/විපස්සනා භාවනා ම.පාර
2867,වැල්මීගොඩ/අභිනවාරාමය
2868,පැලවත්ත බස්නැවතුම
2869,ගොරකදූව හංදිය/මොරවක පාර
2870,මිරිස්වත්ත මහා විද්‍යාලය
2871,උහන්ඕවිට/කළුකම්බිලි දේවාලය
2872,බොරළුහේන/තවලම පාර
2873,පිටිගල බස්නැවතුම්පල
2874,ඉදිපලේගොඩ/ආයුර්වේද රෝහල
2875,වැයිහේන/කුරුඳුවත්ත පාර
2876,මත්තක හංදිය
2877,පෝද්දිවෙල 4 කණුව
2878,පෝද්දිවෙල හංදිය/මලාමුර පාර
2879,මානම්පිට හංදිය/වත්තහේන පාර
2880,තල්ගස්වල නව නගරය
2881,පොල්අතු කඩේ/ඇල ඉහළ පාර
2882,මාපලගම බස්නැවතුම්පල
2883,ඉහලගොල්ල/12 කිමි කණුව
2884,නාගොඩ පොලිස්ථානය
2885,නාගොඩවත්ත/9 කිමි කණුව
2886,යටලමත්ත/ගාල්ල පාර
2887,උඩලමත්ත තැ.කා
2888,බණ්ඩාරණායකපුර
2889,ගෝණදෙනිය ක.වි
2890,උක්ඕවිට/සඳරැස්ගම
2891,බාර් හංදිය
2892,උඩුගම බස්නැවතුම්පල
2893,ලුණුවැව (ප‍්‍රජාශාලාව)
2894,පහළගම හන්දිය (තලාව පාර)
2895,ඔතප්පුව හන්දිය (ඉපලෝගම පාර )
2896,දළදාපුර (44 කි.මි. කණුව)
2897,ගාලදිවුල්වැව (ශ‍්‍රි සුමංගල ම.වි.)
2898,පහමුනේගම හංදිය
2899,දොඹවලගම හන්දිය
2900,පොල්වත්ත (ඕලුවැව පාර)
2901,ඉහලවැටියාව
2902,පැලවත්ත
2903,බොරළුහේන/මාපලගම පාර
2904,තේ කන්ද
2905,හල්ලින්දොල/සුද්දැල්ලාව පාර
2906,ඉහළභෙවෙස්ස ක.වි
2907,4 කණුව පාලම
2908,ගැමුණුපුර පළතුරු ව්‍යාපාරය
2909,දුංහේන හංදිය/මාළුවල
2910,ඇල ඉහළ/පාලම
2911,කහබද්ද/6 කිමි කණුව
2912,ඇත්වල/5 කිමි කණුව
2913,හබරකඩ/ජේතවනාරාමය
2914,කපල්ල වංගුව/ධර්මපාල ක.වි
2915,බටහේන හංදිය
2916,තවලම බස්නැවතුම
2917,ගොරකදූව හංදිය/පිටිගල පාර
2918,ශ‍්‍රී විමලානන්ද විහාරය
2919,පැලවත්ත වත්ත පාර
2920,බෝධිය
2921,වීරකන්ද විදුහල පාර
2922,6 කණුව /උ.තැකා
2923,බටන්දොල ජලවිදුලිබලාගාර පාර
2924,යට්ටපාන කණිෂ්ඨ විද්‍යාලය
2925,යට්ටපාන පොල
2926,සිරිසුමන සේනාසන පාර
2927,පූජාලෙන ආරණ්‍ය පාර
2928,හයහවුල හංදිය
2929,තිනියාවල පාසැල
2930,දනවල තේ කම්හල
2931,වෘත්තීය පුහුණු මධ්‍යස්ථාන පාර
2932,නෙළුව
2933,මාවනාන පාලම ඉදිකරන ස්ථානය
2934,ප‍්‍රාදේශිය සෞඛ්‍ය සේවා කාර්යාලය
2935,2 කි. මි . හබරකඩ
2936,තවලම
2937,සුදුවැල්ලාව හන්දිය
2938,තවලම සුභාෂිතාරාමය
2939,හල්විටිගල හංදිය-දාම්මල පාර
2940,මල්ගල්ල ආරාණ්‍ය පාර
2941,තලංගල්ල ටකරන් මඩුව හංදිය
2942,ඕපාත
2943,නාගහ පන්සල
2944,ලේල්වල තේ කම්හල
2945,බටුවන්ගල තේ කම්හල
2946,කළුබෝවිටියන හංදිය
2947,රුවන්කන්ද/පන්සල පාර
2948,දන්ගල හංදිය/දෙල්ලව පාර
2949,ඊදඬුකිත/විවේකාරාමය
2950,බානගල හංදිය
2951,අලපලාදෙනිය මහා විද්‍යාලය
2952,ඇටකාල හංදිය/49 කිමි කණුව
2953,කොඩිකාරගොඩ/මිගාරමාතාරාමය
2954,මොරවක
2955,නයාමුල්ල
2956,ඉලුක්කැටිය
2957,වරල්ල
2958,ගල්දොල
2959,කොටපොල
2960,කලුකන්දකඩේ (සුමනාරාමය)
2961,කොස්මෝදර (සමුපකාරය)
2962,පුංචි පාලම දොල
2963,කිරිලිපනේ කඩපල
2964,ගල්බොක්ක තේ කම්හල
2965,බෙරලපනාතර ම.වි
2966,බෙරලපනාතර කඩපල
2967,බෙරලපනාතර ගමගේ ලීමෝල
2968,තලපලාකන්ද ක.වි
2969,සිරිසදහම් වෙභෙර අක්කර 80
2970,හැන්ෆර්ඩ් හංදිය
2971,කළුගලහේන (80 කි.මි. කණුව)
2972,ශාන්ත මැතිව් විදුහල
2973,දෙණියාය
2974,රත්නායක තේ කම්හල
2975,රක්ගහවත්ත තේ පරීක්ෂණායතනය
2976,කුඩගලහේන පාර
2977,බැම්ම ළග
2978,බෙලිඅත්ත කුඹුර
2979,සහිරා විදුහල හංදිය
2980,රිටිකැටිය පාර(îුාණිස්සර ම.වි.)
2981,කොටපිටිය (මුදලිගම පාර)
2982,ඉඳිගස්තුඩුව හංදිය
2983,මීගම/ 5 කණුව
2984,ගල්මත්ත හංදිය
2985,ලෙච්චන්දූව හංදිය
2986,වැලිපැන්න කඩවිදිය
2987,21 ජනපදය
2988,ඇලෑවැව හංදිය
2989,ඉලුක්වැව
2990,පුංචි හල්මිල්ලෑව හංදිය
2991,කිරිමැටියාව
2992,කෝමාරිකාවල දිවුල්වැව පාර
2993,හැට්ටුවැව පාසල
2994,කෝන්වැව හංදිය
2995,ඊතල්වැටුණු වැව පාසල
2996,දියමයිලගස්වැව චැක්රෝල් පාර
2997,දාච්චහල් මිල්ලෑව
2998,137 කි.මි. කණුව
2999,යාංඔය පොලිස් මුරපොල
3000,රත්මලේ මුස්ලිම් විදුහල
3001,සිරම්බෑව රජමහා විහාර පාර
3002,රොටවැව මුස්ලිම් පල්ලිය
3003,නාන තොටුපල
3004,මහදිවුල්වැව මහ විද්‍යාලය
3005,පන්කුලම
3006,තිරියායි හන්දිය
3007,ගැමුණුපුර හංදිය
3008,කොටියාඋල්පත
3009,දිවුල්වැව(වනසංරක්ෂණ කාර්යාලය)
3010,ගෝමරන්කඩවල
3011,231 කි.මි.කනුව
3012,233 කි.මි. කණුව
3013,පලයමුරුගන්ඩි කෝවිල
3014,237 කි.මි. කණුව
3015,කොකාවිල් (මධ්‍යම සංඥා වැඩපල)
3016,241 කි.මි කණුව
3017,මුරුගන්ඩි කෝවිල
3018,කෘෂිකර්ම විද්‍යාපීඨ භූමිය
3019,ඉරණමඩු හංදිය
3020,කිලිනොච්චි 155 සැතපුම් කණුව
3021,කිලිනොච්චි දිසා රෝහල
3022,කිලිනොච්චි ජලස්ථම්භය
3023,කරඩිපෝක් හංදිය
3024,256 කි.මි.කණුව
3025,පරන්තන් හංදිය
3026,උමයාන්පුරම් ග‍්‍රාමීය සංවර්ධන කාර්යාලය
3027,උමයාන්පුරම් කෝවිල
3028,263 කි.මි.කණුව
3029,අලිමංකඩ ගාමිණි කුලරත්න ස්මාරකය
3030,අලිමංකඩ හමුදා ස්මාරකය
3031,අයියකච්චිය දෙමළ ම.වි
3032,පුදුකාඩු හංදිය (කාලයඩි පාර)
3033,173 සැතපුම් කණුව
3034,පලෙයි 279 කි.මි. කණුව
3035,පලෙයි කඩ වීදීය
3036,283 කි.මි කණුව
3037,මුහමලේ 285 කි.මි කණුව
3038,මුහමලේ පුවරුව
3039,ආසයි පිල්ලේ ඒත්තම් ( දේවස්ථාන පාර)
3040,මිරිස්විල් උ.තැ.කා
3041,කොඩිකාමම් ටවුන්
3042,කොඩිකාමම් මුරුගන් කෝවිල
3043,පුත්තූර් හංදිය
3044,අරසඩි හංදිය (චාවකච්චේරි ප‍්‍රා.වි.පාර)
3045,චාවකච්චේරි බ.නැ
3046,චාවකච්චේරි අයියර් පටුමග
3047,චාවකච්චේරි පොලීසීය
3048,කයිතඩි පාලම
3049,දිය බුබුල
3050,අළුත්ඔය පොලිස් මුරපොල
3051,ලෑලි පාලම
3052,වාන් ඇල හන්දිය
3053,12 බැරියර්
3054,ජයන්තිගම හන්දිය (20 බැරියර්)
3055,පුල්ලෙයාර් කෝවිල (13 කි.මි. කණුව)
3056,සුරියපුර (සමනල පාලම රජමහ විහාරය)
3057,කන්තලේ සත්ව ගොවිපොල
3058,අල්ල පාලම
3059,සිත්තාරු කළු පාලම
3060,මීගස්ගොඩැල්ල කඳවුර
3061,සිරිමංගලපුර
3062,කල්ලාර් හන්දිය
3063,සෝමපුර ආර්.බි.01
3064,ආර්.බී.03
3065,සේරුනුවර (අලිඔළුව හන්දිය)
3066,අරිප්පු හන්දිය
3067,සේරුවිල විද්‍යාලය / බ්ලොක් 100
3068,වන්නාතමුනෙයි
3069,සේරුවිල
3070,6/2 බෝක්කුව
3071,සෙල්වනගර්(අල්නූර් ම.වි)
3072,තෝප්පූර්
3073,තෝප්පූර් හංදිය
3074,මල්ලිකයිතිව් (ප‍්‍රා.සභා.උප කාර්යාලය)
3075,පච්චනුල් (කින්නියා පාර)
3076,64 කණුව මුස්ලිම් පල්ලිය
3077,පෙරියපාලම් කඩමන්ඩිය
3078,ඔරලෝසුකණුව හංදිය
3079,මූතූර්
3080,දරගල
3081,රතඹ
3082,අඔගස්දොව
3083,බලගල 4 සැතපුම් කණුව
3084,පල්ලෙවෙල 8 කි.මි. කණුව
3085,ලුණුවත්ත
3086,දියතලාව
3087,කහගොල්ල පාසල
3088,කිරිඳිඇල්ල
3089,ඇල්ලේතොට
3090,120 කි.මි කණුව
3091,මඩකලපුව
3092,යෝධ ඇල
3093,බටුකොටුව
3094,යුදගනාව
3095,දිවුලන්කඩවල
3096,විහාර මාවත
3097,මැදිරිගිරිය
3098,සී පී මාවත
3099,දියසෙන්පුර
3100,ගලේවෙල (කලාවැව හන්දිය)
3101,හොරිවිල වෙදගෙදර
3102,අක්කරෙයිපත්තු බස් නැවතුම්පොල
3103,අක්කරෙයිපත්තු ප‍්‍රා.ලේ .කාර්යාලය
3104,අඩ්ඩාලච්චේනෙයි
3105,මිනෝඩයි කඩ්ඩු
3106,පාලමුනෙයි
3107,ඔලුවිල්
3108,පුල්පිටිය හංදිය
3109,අල්ලිමුල්ල
3110,නින්දවූර්
3111,මාදුරුඔය හංදිය (කන්දේගම පාර)
3112,තේක්කවත්ත ගල්පොත්ත
3113,වැලිමඩ කඩේ
3114,යුධහමුදා පුහුණු පාසල
3115,විශේෂ බලකා හංදිය
3116,මාදුරුඔය දියවරගම
3117,වැලිකන්ද
3118,චෛත්‍ය හන්දිය
3119,ජී පී එස් හන්දිය
3120,මැදිරිගිරිය නව නගරය
3121,චෛත්‍ය පාලම
3122,යාය 7
3123,යාය 12 පාලම
3124,මාතර කඩේ
3125,යාය 11
3126,සොරොව්ව
3127,විජයපුර ගාමන්ට්
3128,මීගස්වැව
3129,"වැල්ලවත්ත,බේස්ලයින්,පුත්තලම් පාර"
3130,අසේලපුර (පාසල් පාර)
3131,µමෙත‍්‍රිගම ප‍්‍රාථමික විදුහල
3132,මහසෙන්පුර හංදිය
3133,දේවාලගල
3134,කුරුළුබැද්ද
3135,4 ඇල අක්කර 500 පාර
3136,පො රාජකීය විදුහල කී‍්‍රඩාංගනය
3137,නවනගරය බුදුපිළිමය
3138,PS කොලනිය ගනංගොල්ල හංදිය
3139,PS කොලනිය විදුහල
3140,PS කොලනිය බෝධිය
3141,PS කොලනිය කනත්ත
3142,කලහගල පාසල
3143,කලහගල ඇල පාලම
3144,කලහගල බෝධිය
3145,කලහගල
3146,ගිරාඳුරුකෝට්ටේ
3147,පන්නල (පූර්වාරාම විහාරය)
3148,ලදුපිට (43 කි.මි. කණුව)
3149,පදියපැලැල්ල බස්නැවතුම්පල
3150,කඳුර කඩේ (ගම්පහ බෙභෙත් ශාලාව)
3151,දෙහිපේ
3152,රිකිල්ලගස්කඩ බ.නැ
3153,මාදන්වල හංදිය
3154,හඟුරන්කෙත
3155,සිප්පිතිරල්
3156,කෝවිල් අඩි
3157,සිවතපාලම්
3158,සුරංගල් හංදිය
3159,කච්චකාරතිව්
3160,කුට්ටිකරච්චි
3161,බුහාරි හංදිය
3162,කින්නියා
3163,වෙල්ලමනල් පුස්තකාලය
3164,වෙල්ලායිමනල් හන්දිය
3165,චීන වරාය දුම්රිය ස්ථානය
3166,කොඩ්බේ වරාය
3167,අනුරාධපුර හංදිය
3168,තෑපැල් කන්තෝරු හංදිය
3169,අලස්වත්ත/තෝරන්කාඩු හංදිය
3170,සාම්බල්තිව් හංදිය
3171,6 කණුව (විශ්ව විද්‍යාල හංදිය)
3172,7 කණුව (මුහම්මදියා විදුහල)
3173,8 කණුව (අල් ෆතාහ් විදුහල් පාර)
3174,නිලාවේලි ප‍්‍රාදේශිය රෝහල
3175,කෝපාලම්පුරම් හංදිය
3176,11 කණුව (බිච් හොටෙල් හංදිය)
3177,ඉරකන්ඩි (අල්හම්රා ම.වි)
3178,කුඹුරුපිටිය (පාසල)
3179,නාවච්චෝලි හංදිය (ජර්මන් හඩ හංදිය)
3180,රයිගම් ලුණු
3181,"සල්පආර්, සුනාමි නිවාස(28 කි.මි.කණුව)"
3182,සලපආර් පාලම
3183,ඉරනකේනි දෙමල ම.වි
3184,කුච්චවේලි(ප‍්‍රා.ලේ.කා)
3185,තට්ටක්කල්(36 කි.මි.කනුව)
3186,පල්ලවකුලම්(මුස්ලිම් පල්ලිය)
3187,සාගරපුර ප‍්‍රජාශාලාව
3188,පුඩවයිකට්ටු මුස්ලිම් ම.වි
3189,මදුරන්කුඩා(43 කි.මි. කණුව)
3190,කල්අරාව (සුරුවම)
3191,යාන්ඔය (48 කි.මි. කණුව)
3192,යාන්ඔය පාලම
3193,මහින්ද පාසල
3194,හුනුගල්පිටිය
3195,සියඹලාගස් හන්දිය
3196,බලකඩුව
3197,වරකාමුර
3198,ඇල්වල
3199,ට‍්‍රැක් 6
3200,වැලිඔය හමුදා කඳවුර
3201,නිකවැව හංදිය
3202,ඇතාවැටුනවැව මහාවිද්‍යාලය
3203,නිකවැව (වැව පාර)
3204,13 කණුව (බණ්ඩාරගම)
3205,14 කණුව (ඇත්දත්කල්ල රාහුල වි.)
3206,අලි වංගුව
3207,පේමඩුව හංදිය (විලච්චිය)
3208,මහ විලච්චිය (ග‍්‍රාමීය රෝහල)
3209,කුලරත්න හංදිය
3210,මන්නාරම් හංදිය
3211,1 කණුව (මල්වත්ත පාර)
3212,මිල්ලගස් හංදිය (මොරොන්තුඩුව පාර)
3213,පරදූව (ඉන්ද්‍රජෝත්‍යාරාමය)
3214,ඇලමෝදර හංදිය
3215,ගලපාත (පනාගොඩ හංදිය)
3216,ගල්පාත රෝහල හංදිය
3217,බටගොඩ කඩමණ්ඩිය
3218,කෙසෙල්හේනාව හංදිය
3219,යාල හංදිය
3220,රෙමුණ ශ‍්‍රී බෝධිරුක්ඛාරාමය
3221,වැල්ලපිටිය හංදිය
3222,ශ‍්‍රීපාලී විදුහල
3223,හොරණ
3224,අමරනාගොල්ල (කාර්මික ජනපද පාර)
3225,ආදර්ශ හන්දිය
3226,කහටපිටිය හංදිය
3227,මොරගහහේන
3228,තල්ගහවිල හංදිය
3229,පෝරෙගෙදර පන්සල
3230,විජයවර්ධනාරාමය
3231,උඩුමුල්ල හංදිය
3232,පාදුක්ක
3233,දන්සලේවත්ත(ගො.සේ.කා)
3234,කල්එළිය (පල්ලේවෙල පාර)
3235,හිරිවල හංදිය (බොකලගම පාර)
3236,රජදහන (මහේන්ද්‍ර විජේරත්න මාවත)
3237,මිරිගම
3238,විල්වත්ත(මිරිගම රෝහල)
3239,ලෝලුවාගොඩ(මිරිගම BOI)
3240,ලොලුවාගොඩ ප‍්‍රාථමික විදුහල
3241,ගිරිඋල්ලගම (පත්තිනි දේවාලය)
3242,මහරගම හංදිය(අලව්ව පාර)
3243,අතුරුවල හංදිය(සමුපකාරය)
3244,දඹදෙනිය(ලබුයාය පාර)
3245,සාලියාල (ශ‍්‍රි වර්ධනාරාමය)
3246,මැටියගනේ හංදිය(දංගොල්ල පාර)
3247,කිවුල්ගල්ල(පුරාණ විහාරය)
3248,දම්පැලැස්ස (පොල්ගහවෙල පාර)
3249,කඩහපොල හංදිය
3250,ගැටගහට හංදිය
3251,බෝමුල්ල හංදිය
3252,සියඹලාගස් කොටුව
3253,පොල්පිටිය පිරිවෙන
3254,කටුපොත බස්ගාල
3255,නෙලුම් කණුව
3256,පුබ්බෝව හන්දිය
3257,මාවීහේන හන්දිය
3258,කොළඹගම හංදිය
3259,රඹෑව හංදිය
3260,උසාවිය
3261,කුන්චිකුලම් පාර
3262,කන්නට්ටිය
3263,මිහින්තලේ ඔර්ලෝසු කණුව
3264,ජලසම්පාදනය
3265,කොහොඹගස්කඩ 3කි.මි
3266,තෝනිගල 5කි.මි
3267,පඬරුල්ලාව පන්සල
3268,තිඹිරිවැව
3269,කුඹුක්ගොල්ලෑව හංදිය(7 කණුව)
3270,කුරුදුගස්වැව 9 කණුව
3271,දෑකැතිපොතාන හංදිය
3272,කිඹුල් පැටියාව 16 කි.මි
3273,ඕලුවැව විදුහල
3274,දෙමටවැව
3275,තිඹිරිවැව පන්සල හංදිය
3276,ඇල්ල පොතාන (වහගහපුවැව විදුහල)
3277,වහගහසුවැව හංදිය
3278,කන්හිද්දවැව 9කි.මි
3279,පුලියන් කඩවල හංදිය/විද්‍යාලය
3280,නාම්බාකඩ හංදිය
3281,නමඩ වැව හංදිය
3282,වලහිද්දවැව හංදිය
3283,දියකිරිත්ත හංදිය
3284,හාපැටියාව සපත්තු පාලම
3285,හාපැටියාව පෙර පාසල
3286,1 කණුව (2වන පුල්ලෙයාර් හංදිය)
3287,කලුන්දෑගම පන්සල
3288,සිරිමාපුර හංදිය
3289,4 කණුව (නවසිරිගම හංදිය)
3290,5 කණුව (ටකරන්කඩේ හංදිය)
3291,යාය 6 (අංගමුව දියවර ගම්මාන පාර)
3292,තුඹුල්ලේගම
3293,ගැමුණුපුර/යාය 8 (පොම්පාගාරය)
3294,යාය 9 (රාජාංගනය රෝහල පාර)
3295,යාය 13 (බෝධිරුක්ඛාරාම පන්සල)
3296,කලාඔය (යාය 14)
3297,කදුරුදූව
3298,කලභෙ
3299,මැලැහැගොඩ
3300,පිලාන හන්දිය
3301,බෝගහගොඩ හන්දිය
3302,අගුළුගහ
3303,වතවන
3304,පරගොඩ
3305,ඉමදූව බස් නැවතුම්පොල
3306,කනංකෙ
3307,නිමලව
3308,තෙපුදෙනිය
3309,භෙනේගම
3310,කියාඬුව
3311,අමලගොඩ හන්දිය
3312,අකුරැස්ස බස් නැවතුම්පොල
3313,පෝරඹ
3314,මාරඹ පන්සල
3315,ඉදිකටුදෙනිය වැව
3316,දීගල හන්දිය
3317,කදුරුවාන විදුහල
3318,මල්පුදනැල්ල හන්දිය
3319,පිටබැද්දර
3320,ගොරකවෙල
3321,කන්දෙ දොල
3322,අතු ඇල
3323,56 කි.මී. කණූව
3324,කොස්නිල්ගොඩ කඩමංඩිය
3325,වැලිව
3326,හිගුරුපනාගල හන්දිය
3327,ගොඩකුඹුර
3328,දියදාව
3329,ඕලකන්ද (දෙණියාය වත්ත)
3330,පෝරතොට කණිෂ්ඨ විද්‍යාලය
3331,තලහගම සමුපකාරය
3332,කජ්ජුහේන හංදිය/5කිමි කණුව
3333,නුගේගාව/කන්ද මුදුන
3334,කොබෝමෑල්ල ප‍්‍රජාශාලාව
3335,බේරුබැවුලවත්ත බැම්ම
3336,රත්ගහවත්ත තේ පර්යේෂණායතනය
3337,පල්ලිය
3338,ගොමදියවල හංදිය
3339,අතුරලිය මහා විහාරය
3340,පිටකටුවන හංදිය
3341,කටුපොතුවිල පන්තාරාමය 2කි.මි. කණුව
3342,බිබුලේවෙල ගම් උදාව
3343,ගම් උදාව -කද්දූව පාර හංදිය
3344,ගෝදාව පන්සල
3345,කඹුරුපිටිය
3346,ට‍්‍රාන්ස්පෝමර් හංදිය-ඕවිටිගමුව
3347,7 කණුව -ආයුර්වේද රෝහල
3348,හීල්ලකන්ද හංදිය
3349,කරයල් කනත්ත හංදිය
3350,භෙට්ටියාවල හංදිය
3351,වතුර ටැංකිය
3352,කෝපිවත්ත
3353,මහහීල්ල පන්සල
3354,කම්බුස්සාවල
3355,පුවක්දණ්ඩාව/ ධම්මපාල බාලිකා වි.
3356,සිටිනාමළුව විදුහල
3357,නලගම හංදිය(ජලසම්පාදන පාර)
3358,නෙටොල්පිටිය(විතාරන්දෙනිය පාර)
3359,වාඩිගල (මහානාග ර.ම.වි)
3360,රන්න බස්නැවතුම්පල
3361,හුංගම (අඟුණකොලපැලැස්ස පාර)
3362,කිවුල (බෝධිරාජාරාමය)
3363,ලුනම(ගොවිජනසේවා කාර්යාලය)
3364,නෝනගම හංදිය
3365,මල්පෙත්තාව හංදිය(මාමඩවල පාර)
3366,දෙහිගහලන්ද(කඩපල)
3367,කොහොලන්කල
3368,මහසෙන්පුර (කනිෂ්ඨ විද්‍යාලය)
3369,ජ්ූල් පල්ලම (රේස් කෝස්)
3370,කතිරුවාන(තැන්නපිට පාර)
3371,19 සැතපුම් කණුව
3372,බෝගහහංදිය-ගණදෙවි කෝවිල
3373,දෑරංගල
3374,එළුවිල හන්දිය
3375,කුරුස හන්දිය
3376,මහබෙල්ලන
3377,බොල්ගොඩ පන්සල
3378,ගැලණිගම
3379,රයිගම
3380,පොකුණූවිට
3381,ගල්ඒදඬුගොඩ
3382,සල්ගස් හන්දිය
3383,ගුරුගොඩ
3384,පෝරුවදණ්ඩ
3385,අපනයන සැකසුම් මධ්‍යස්ථානය
3386,ඇදුරාගල
3387,ඉංගිරිය රෝහල
3388,නම්බපාන
3389,දුම්බර හන්දිය
3390,ඇල්ලගාව
3391,මඩල
3392,එපිටවල
3393,කිරිඇල්ල
3394,ඉඩන්ගොඩ
3395,හැරනියාවක
3396,කුරුගම්මෝදර
3397,තුන්අඳහේන
3398,ගොරකා ඇළ
3399,මිල්ලකඩේ
3400,හොලීපිටිය
3401,කහන්ගම
3402,කැටලියන්පල්ල
3403,දේවාලේගාව
3404,ගල්කඩුව
3405,රත්නපුර
3406,බත්ගංගොඩ
3407,කාමරංගපිටිය
3408,මොරතොට
3409,අම්පිටිතැන්න
3410,ඕපනායක
3411,කන්දේ විහාර හන්දිය
3412,පේරකැටිය
3413,හොරකැටිය
3414,පල්ලේකන්ද
3415,ඇල්ලේපොල
3416,උඩඇල්ලේපොල
3417,බලංගොඩ
3418,කිරිඳිගල
3419,ඕලූගංතොට
3420,ඇල්ලේඅරාව
3421,රත්මල්වින්න
3422,අමුපිටිය
3423,අළුත්නුවර
3424,ඉඹුල්පේ
3425,සීලොගම
3426,ගලගම
3427,කරගස්තලාව
3428,පඹහින්න
3429,පුවක්ගහවෙල පාලම
3430,පුවක්ගහවෙල
3431,තුඹතැන්න
3432,හල්පේ
3433,මරංගහවෙල
3434,ඌවතැන්න
3435,කළුපහන
3436,පුස්වැලමණ්කඩ
3437,වල්හපුතැන්න
3438,හාල්අටුතැන්න
3439,හල්දුම්මුල්ල
3440,බත්ගොඩ
3441,බෙරගල
3442,බ්ලැක්වූඩ් දෙමල විද්‍යාල හන්දිය
3443,186 කි.මි. කණුව
3444,188 කි.මි. කණුව
3445,පහල ගල්කන්ද බෝගස
3446,නිකපොත පන්සල පාර
3447,අක්කර 100 හංදිය
3448,නිකපොත 195 කිමි කණුව
3449,නාකැටිය 198 කි.මි. කණුව
3450,කොස්ලන්ද දෙමල මහා විද්‍යාලය
3451,කොස්ලන්ද
3452,ළමා නිවාස හංදිය
3453,උඩුමුල්ලගම ගම්මාන පුවරුව
3454,දියළුම ඇල්ල
3455,207 කි.මි. කණුව
3456,ගම්පහ පාසල
3457,ගම්පහ ආයූර්වේදය
3458,හිවල්කඳුර
3459,බිබිලේභෙල දේවාලය
3460,215 කිමි කණුව/ පාලම
3461,ජල පවිත‍්‍රාගාරය(අයිස් පීල්ල)
3462,පල්ලන්ඔය හන්දිය
3463,ගල්කන්ද
3464,දේවාලහිඳ විද්‍යාලය
3465,වලව්කඩේ
3466,ගෝනාගල පන්සල
3467,අළුත්පාර කඩමණ්ඩිය
3468,ස්ටෝරුකඩේ
3469,මාදම්පේ වතු රෝහල
3470,වෙරළුගහමුල සමුපකාරය
3471,කරංකැටිය ගොවිපොළ
3472,රක්වාන බස් නැවතුම්පොල
3473,ඇල්ටන් පාලම
3474,කිරිමණ්ඩලය
3475,පුංචිබාරවත්ත කෝවිල
3476,මහාබාරවත්ත
3477,3 වංගුව
3478,5 වංගුව
3479,7 වංගුව
3480,9 වංගුව
3481,ඉහළකඩමුදුන
3482,කඩමුදුන(ග‍්‍රාමෝදය සෞඛ්‍ය මධ්‍යස්ථානය)
3483,සූරියකන්ද කඩපල
3484,අළුත්කෑල්ල (වතු නිවාස)
3485,බුළුතොට (භෙළඋඩකන්ද පාර)
3486,තෑන්නහේන හංදිය
3487,විජේරිය සුමන මහා විද්‍යාලය
3488,අරූපෝරුව ප‍්‍රාථමික විද්‍යාලය
3489,17 කණුව (28 කි.මි. කණුව)
3490,බෝයගම
3491,හකහින්න කඩමණ්ඩිය
3492,අරන්දර බෝගස් හංදිය
3493,තොරණගහපිටිය
3494,පින්දෙනිය පොලිසිය
3495,කුරුණෑගොඩ පන්සල
3496,අම්පෙ ආදර්ශ විද්‍යාලය
3497,කොටියාකුඹුර
3498,තලෝවිට හංදිය
3499,කන්නත්තොට
3500,වරාවල
3501,අඟුරුවැල්ල
3502,රුවන්වැල්ල
3503,කහටගස්තැන්න
3504,වගාව ගාමන්ට්
3505,කාවන්තිස්සපුර විදුහල
3506,යෝධගම රෝහල පාර
3507,මාකුඹුර
3508,හිඳගොඩ
3509,බදුල්සිරිගම
3510,2 කණුව/විනීතගම හංදිය
3511,4 කණුව/138 කිමි කණුව
3512,5 කණුව/140 කිමි කණුව
3513,දෙබැද්ද හංදිය
3514,8 කණුව චෛත්‍යය
3515,තේ පර්යේෂණාගාර හංදිය
3516,නමුණුකුල හංදිය
3517,කිරිමණ්ඩල හංදිය
3518,පස්සර
3519,දෙමල මහාවිද්‍යාලය
3520,මොණරාගල/බිබිල හංදිය
3521,අමුණුවත්ත දේවාලය
3522,මීදුම්පිටිය මධ්‍යම බෙභෙත් ශාලාව
3523,මීදුම්පිටිය කඩමණ්ඩිය
3524,මිල්ලබැද්ද මහාවිද්‍යාලය
3525,හෝප්ටන් කඩමණ්ඩිය
3526,හෝප්ටන්/කළුගහතැන්න අමුණ හංදිය
3527,රේන්දපොල (165 කිමි කණුව)
3528,යපම්ම ශ‍්‍රී රම්‍ය විජයාරාමය
3529,කීනගොඩ
3530,කොට්ටල්බැද්ද විදුහල
3531,ලුණුගල බස්නැවතුම්පල
3532,ලුණුගල ප‍්‍රාදේශ්‍රීය ලේකම් කාර්යාලය
3533,අරවාකුඹුර විදුහල
3534,ඈතුන්දැමුවාව ක.වි
3535,182 කිමි කණුව
3536,යල්කුඹුර විද්‍යානන්ද පිරිවෙණ
3537,උණාගොල්ල රජමහා විහාරය
3538,භෙවෙල්වෙල (වෙල්ලස්ස ම.ම.වි)
3539,2 කණුව (ඩීසල් විදුලිබලාගාර පාර)
3540,3 කණුව (අශෝකාරාමය)
3541,කල්ලඩි (සිමෙන්ති කම්හල පාර)
3542,6 කණුව (අට්ටවිල්ලුව හංදිය)
3543,ගල්කුලම (කිවුල පාර)
3544,මෑල්ලන්කුලම (කොට්ටුකච්චිය විද්‍යාලය)
3545,10 කණුව(මහකුඹුක්කඩවල පාර)
3546,කොට්ටුකච්චිය (පු.ගල උදාකළ ගම්මානය)
3547,කජුවත්ත (ගොවිපල)
3548,තෝනිගල කණිෂ්ඨ විද්‍යාලය
3549,තෝනිගල(ඌරියාව පාර)
3550,පරමානන්ද විහාර හංදිය
3551,තලාකොලවැව
3552,ධර්මපාල ක.වි
3553,පලුගස් හංදිය (93 කිමි කණුව)
3554,කනුකැටිය හංදිය(ආඹුක්කාගම පාර)
3555,මොන්නෑකුලම ම.වි
3556,කොටවෙභෙර (පොලීසිය හංදිය)
3557,තුඹුල්ල (ළමා නිවාසය)
3558,නැබැඩෑව(රැස්නායකපුර)
3559,හැවැන්පැලැස්ස (රා:දැව සංස්ථාව)
3560,නිකවැරටිය බස්නැවතුම්පල
3561,ට‍්‍රයිස්ටාර් ගාමන්ට්
3562,ඇලවක (නිකවැරටිය ඩිපෝව)
3563,විතිකුලිය හංදිය
3564,ශ‍්‍රී මලියදේව රජමහ විහාරය
3565,රඹුකන හංදිය
3566,අවුලේගම පොල හංදිය
3567,හේරත්ගම
3568,ඔළුමඩුවැව හමුදා කඳවුර
3569,තච්චඅඩම්පන් ගොවිජන සේවා කාර්යාලය
3570,12 කිමි කණුව
3571,සමන්නන්කුලම්
3572,ඔට්ටුසුඩාන් සිවම් කෝවිල හංදිය
3573,ඔට්ටුසුඩාන් ප‍්‍රාදේශිය රෝහල
3574,අලි හංදිය
3575,29 කි.මි කණුව/18 කි.මි. කණුව
3576,පූලාමුරිප්පු පාසල
3577,මුලලියාවලෙයි ඩිස්පෙන්සරිය
3578,මුලිලියාවලෙයි පාසල
3579,23 සැතපුම් කණුව
3580,22 කි.මි. කණූව
3581,1 කනුව (මාස් ගාමන්ට්)
3582,සිසිරවත්ත හංදිය බෝධිය
3583,උණපúූරයාය ශ‍්‍රී බුද්ධජයන්ති විහාරය
3584,කලුන්දෑව පාලම මහසෙන් විහාරය
3585,පළාත් මායිම (මධ්‍යම/උතුරුමැද)
3586,බකමූන (දිසා අධිකරණය)
3587,දමනයාය කඳවුර (2 පියවර)
3588,බකමූණ
3589,යාය 6 (කනත්ත පාර)
3590,බුදුරුවයාය (බුදුපිළිමය පාර)
3591,ගමඇල පාලම
3592,පොල්අතුවාඩිය හංදිය
3593,කිරිඔයගම ප‍්‍රාථමික විද්‍යාලය
3594,මාඔය (උද්‍යාන පාර)
3595,දේවාලදෙනිය බෝධිය
3596,කළුගඟ හංදිය
3597,දාස්ගිරිය 40 කිමි කණුව
3598,හත්තොට අමුණ මහාවිද්‍යාලය
3599,වෙල්ලේවෙල බෝධිය
3600,ලේල්ඔය ප‍්‍රාථමික විද්‍යාලය
3601,ඇත්කිඹුලාවල පාලම
3602,ලග්ගල පොලීසිය
3603,ඉලුක්කුඹුර හංදිය (රත්තොට පාර)
3604,බලගොල්ලාව කන්ද බලගොල්ලාව කන්ද
3605,කිවුලවාඩිය හංදිය
3606,ගුරුවෙල 59 කිමි කණුව
3607,නාගොල්ල
3608,භෙට්ටිපොල
3609,බත්ගම්පොල පිටවාන
3610,නාමිණිගම පාර
3611,ඉමාඩුයාය
3612,ගින්නෝරුව කඩමණ්ඩිය
3613,විරාණගම වැව
3614,විරාණගම විදුහල
3615,අලුත්තරම බීජ ගොවිපල
3616,කුරුමන්කාඩු (දුම්රිය ස්ථාන පාර)
3617,වේප්පන්කුලම්(කෝවිල)
3618,නෙලුක්කුලම් හංදිය
3619,සිවපුරම්(ආයුර්වේද රෝහල)
3620,වසෙක්කටිප්පුලවු විද්‍යාල පාර
3621,සාලම්බකුලම් (වව්නියාව විශ්ව විද්‍යාලය)
3622,සාලම්බකුලම් හංදිය
3623,පුවරසන්කුලම් හංදිය
3624,කුරුක්කල්පුදුකුලම් හංදිය
3625,නිලියාමොට්ට(ආඩියාපුලියන්කුලම් පාර)
3626,පිරමනාලන්කුලම්
3627,පුදුක්කුලම් පාර
3628,කන්නාට් නිවාස යෝජනා ක‍්‍රමය
3629,ගනේෂපුරම් ම.වි
3630,ගනේෂපුරම් නිවාස යෝජනා ක‍්‍රමය
3631,බත්ගම්පල පිටවාන
3632,60 කිමි කණුව
3633,කාන්තන්කුඩි
3634,කල්අඩි (සිමෙන්ති කම්හල පාර)
3635,ආයුර්වේද රෝහල
3636,තම්පට්ටෙයි තම්පට්ටෙයි
3637,සින්න මුහත්තුවාරම්
3638,බස් ඩිපෝව
3639,මුන්ඩෘමුරිප්පු හංදිය
3640,වන්නිවිලාන්කුලම් හංදිය
3641,වඩකාඩු/8 කි.මි.කණුව
3642,වඩකාඩු /10 කි.මි. කණුව
3643,වඩකාඩු හමුදා කඳවුර
3644,ඔට්ටඅරට්ටකුලම් ඉන්ධන පිරවුම් හල
3645,මල්ලාවි හංදිය
3646,කොකාපිල් පාර
3647,තුනුක්කායි ප‍්‍රාදේශිය ලේකම් කාර්යාලය
3648,කලුපාලම
3649,නට්ටන්කන්ඩල් 1
3650,33 බලසේනාව
3651,කයිතඩි (මනිප්පායි පාර)
3652,නාවට්කුලි (කේරතිව් පාර)
3653,සෙම්මනි හංදිය
3654,ආරියාලෙයි හංදිය
3655,ආරියාලෙයි (පුන්ගන්කුලම් පාර)
3656,යාපනය කච්චේරිය
3657,යාපනය
3658,කිලිනොච්චි
3659,මඩු
3660,කන්‍යා උණුවතුර ළිං හන්දිය
3661,ගලඋඩ බුදු පිළීමය (මිහිඳුපුර)
3662,වෙල්ගම්වෙභෙර
3663,වෙල්වෙරිකුලම
3664,171 කි.මි. කණුව
3665,162 කි.මි. කණුව
3666,පාන්මැද වච්චිය
3667,වේප්පන්කුලම
3668,මොරවැව
3669,මධ්‍යම බෙභෙත් ශාලාව
3670,කිවුලකඩ මුස්ලිම් පල්ලිය
3671,මොටගෝනෑව
3672,වැලිමුවපොතාන හංදිය
3673,පරගහ උල්පත
3674,35 කිමි කණුව
3675,33 කි මි කණුව
3676,හිජ්රාපුර හංදිය
3677,රත්මල්ගහ වැව හංදිය (28 කිමි කණුව)
3678,කිරිකෙටුව හංදිය
3679,වයි හංදිය
3680,අයියත්තිගේ වැව විදුහල
3681,කුංචුට්ටුව හංදිය
3682,රළපනාව (සෞඛ්‍ය ගම්මානය)
3683,ඕලුගස්වැව (ගල්වල පාර)
3684,දුටුවැව 3වන පොලිස් මුරපොල
3685,9 කණුව පොලිස් මුරපොල
3686,දුටුවැව පොලීසිය
3687,කුඩා කච්චකොඩිය පාසල
3688,මඩුකන්ද පන්සල
3689,තැපැල්පෙට්ටි හංදිය
3690,ති‍්‍රකූණාමළය බස් නැවතුම්පොල
3691,නට්ටකන්ඩල් 2
3692,නට්ටකන්ඩල් 3
3693,නට්ටකන්ඩල් ප‍්‍රාදේශිය රෝහල
3694,මාවතගම
3695,හාල්දඩූවන
3696,කිරිමැටියාන - පන්සල හන්දිය
3697,බෝතලේ ගම
3698,පහළ කොට්ටාරමුල්ල
3699,තුම්මෝදර හන්දිය
3700,නාත්තන්ඩිය බස් නැවතුම්පල
3701,ඉහළ තබ්බෝව (සීසිලියා වත්ත)
3702,දුන්කන්නාව
3703,වැලිපැන්න ගහමුල
3704,දුනකදෙණිය
3705,බිබිලාදෙණිය
3706,කරවුල්ල
3707,උඩුබද්දාව
3708,පල්ලවෙල
3709,කනදුල්ල
3710,මීගහකොටුව
3711,කුලියාපිටිය
3712,මිනිපිටිය හංදිය
3713,එළිවිල හංදිය
3714,ගනන්ගැටේ පල්ලිය
3715,වෙල්පල්ල ම.වි
3716,වගුරුවෙල හංදිය
3717,ජයගම හංදිය
3718,කඳානේගෙදර හංදිය
3719,කඹුරුගොඩ (කුඩාකර්මාන්ත මධ්‍යස්ථානය)
3720,වලකුඹුරුමුල්ල (ශ‍්‍රී නන්දනාරාම පාර)
3721,වෙරඳුගම
3722,දියකලමුල්ල පන්සල
3723,දණ්ඩගමුව (උඩවෙල පාර)
3724,කර්මාන්තපුරය
3725,බුජ්ජම්පොල පන්සල් හංදිය
3726,මැල්ලව මධ්‍යම බෙභෙත් ශාලාව
3727,ලිහිරියාගම පොළ හංදිය
3728,භෙට්ටිරිප්පුව (හුන්දිරාපොළ පාර)
3729,ඉදිවින්නවත්ත ගොවිපල
3730,එළිවිල
3731,පැතිගොඩගෙදර හංදිය
3732,කඹුරුගොඩ වඩුපාසල
3733,වලකුඹුරුමුල්ල (පහේ භාගේ හංදිය)
3734,නුගවෙල හන්දිය
3735,මීගහකොටුව හංදිය
3736,කරගහගෙදර හංදිය
3737,හිදියමුල්ල හංදිය
3738,කඹුරාපොල හංදිය
3739,දහනේගෙදර හංදිය
3740,මලගනේ හංදිය
3741,පඬුවස්නුවර
3742,කරන්තිප්පල
3743,ඇපලදෙණිය
3744,ගොමුගොමුව
3745,කඹුරාපොල
3746,මූණමල්දෙණිය
3747,මලගනේ
3748,කොටම්පිටිය
3749,නුගවෙල
3750,හල්මිල්ලකොටුව
3751,කට්ටපිටිය
3752,කොබෙයිගනේ
3753,පන්නව
3754,වලස්වැව
3755,වත්තේගෙදර
3756,විතිකුලිය
3757,ඇලවක
3758,මිල්ලගොඩ
3759,නිකවැරටිය
3760,තුඹගොඩ හන්දිය
3761,ඕලුගන්තොට රෝහල
3762,රත්මලවින්න හන්දිය
3763,අලුත්නුවර දේවාල හන්දිය
3764,ඉඹුල්පේ ගිල්ම සියඹලාගහ
3765,සීලෝගම විද්‍යාලය
3766,පඹහින්න හන්දිය
3767,මුත්තෙට්ටුවේගම
3768,මුත්තෙට්ටුවේගම ඔසු උයන
3769,සමනලවැව හන්දිය
3770,බ්ලැක්වූඩ්
3771,විහාරගල
3772,උඩ විහාරගල
3773,හපුතලේ
3774,පන්කැටිය හන්දිය
3775,ඉඟිනියාගල වැව් බැම්ම
3776,ඉඟිනියාගල
3777,හාඩි කාර්මික විදුහල
3778,දික්යාය ජලසම්පාදන කාර්යාලය
3779,8 කණුව ගුණරතනාරාමය
3780,වැව හංදිය/10 කිමි කණුව
3781,5 කණුව/7 කිමි කණුව
3782,වෙභෙරගොඩ උ.තැ.කා
3783,2 කණුව/3 කිමි කණුව
3784,1 කණුව/ 1 කිමි කණුව
3785,බඩල්කුඹුර
3786,ලේමස්තොට මහ ගල
3787,කිරිමැටිතැන්න
3788,දිගදුරේ (බලංගොඩ ප‍්‍රාදේශ්‍රීය සභාව)
3789,විකිලිය පන්සල
3790,දේපෑලමුල්ල හන්දිය
3791,හුනුකොටුව (මහවල තැන්න පාර)
3792,සම්බෝධි විහාරය
3793,මොලමුරේ පාසල
3794,මොලමූරේ පන්සල
3795,කූරගල හන්දිය (ජෙලානි පාර)
3796,දුවිලිතැන්න හන්දිය
3797,කල්තොට හන්දිය
3798,ඉලුක්පැලැස්ස පාසල
3799,මැදබැද්ද කොන්ගම හන්දිය
3800,වේලිඔය
3801,රන්දොල හංදිය
3802,දහමාන (4 කණුව)
3803,ගල්ගොඩ හංදිය
3804,සඳගනාව විජයරාමය
3805,කෝන්ගස්තැන්න හංදිය
3806,කැලෑගම පන්සල
3807,වැලිගෙපොල
3808,පෙත්තරකුඹුර
3809,පොල්ලමුර (ඉන්ද්‍රසභ පිරිවෙන)
3810,කෙව්ලගල හංදිය
3811,ලෙන්දර ම.වි.
3812,බැබිල හංදිය (හඳගිරිය උ.තැ.කා.)
3813,හඳගිරිය ම.වි.
3814,කපුගල (විදුලි බලාගාර හංදිය)
3815,කටුපත්ඔය අමුණ
3816,දියවින්න සමූපසේවා
3817,අක්කර 50
3818,පුහුල්යාය (කෝන්ගහමංකඩ ම.වි)
3819,17 කෑල්ල (වැලිපතයාය විදුහල)
3820,විල්ආර (ශ‍්‍රි අභිනවාරාමය)
3821,6 කෑල්ල (වැලිපතයාය උ.තැ.කා)
3822,ගාමිණී හෝල්
3823,පුරහල
3824,තිඹිරිගස්යාය/ජාවත්ත පාර
3825,දෙල්කඳ හන්දිය
3826,නාවින්න හංදිය
3827,භෙවෙල්වෙල වෙල්ලස්ස ම.ම.විද්‍යාලය
3828,"3 කණුව, කෝවිල"
3829,4 කණුව (හිඹිලියගොල්ල පාර)
3830,5 කණුව / නිව්බර්ග්
3831,6 කණුව (ගූස්ස පාර)
3832,7 කණුව (හංදිය)
3833,බල්ලේකොටුව කඩමණ්ඩිය
3834,9 කණුව (තෙල් ටැංකිය)
3835,10 කණුව (දළුමඩුව)
3836,නමුණුකුල (තැපැල් කාර්යාලය)
3837,12 කණුව (ක්ලබ් හංදිය)
3838,13 කණුව (කෝවිල)
3839,14 කණුව/19 කි.මි. කණුව
3840,කොටුගහතැන්න කඩමණ්ඩිය
3841,16 කණුව /කණවැරැල්ල
3842,මාවුස්සාගොල්ල පන්සල
3843,19 කණුව / ගෝනකැලේ
3844,10 කණුව / නමුණුකුල හංදිය
3845,"2 කණුව ,එල්බට් අංක 02,දෙමළ ම.වි."
3846,4 සැතපුම් කණුව (මැදවෙල පාර)
3847,5 සැතපුම් කණුව (කෝවිල)
3848,6 සැතපුම් කණුව හංදිය
3849,මහද්‍යෝව සිංහල ම.වි.
3850,9 කණුව (මහද්‍යෝව රෝහල)
3851,මඩොල්සීම
3852,සුමන බාලිකා
3853,වැලිකටුව හංදිය
3854,කපුකොටුව හංදිය
3855,වැල්ලගොල්ල ජල ව්‍යාපෘතිය
3856,බෝල්ගොල්ල විහාරය
3857,පුබ්බාර තැන් වත්ත හන්දිය
3858,බුත්ගමුයාය උපාසක අරාව
3859,දෙහිගහ අරාව සපත්ත පාලම
3860,බකිනිගහවෙල හන්දිය
3861,අලන්මුල්ල හංදිය නිල්වලගොඩ පන්සල පාර
3862,ඩබල් පයිප්ප
3863,වෙභෙරගොඩැල්ල පන්සල
3864,වෙනිවැල් ආර
3865,හතරමං හංදිය
3866,නුගේ හංදිය 3 කිමි කණුව
3867,20 හංදිය
3868,තලාව හංදිය/දබරැල්ල පාර
3869,සෙවනගල
3870,මකුළුතොට දන්සල් ශාලාව
3871,වලකඩ හංදිය
3872,මකුළුඇල්ල
3873,කෝප්පකන්ද
3874,දාපනේ හංදිය
3875,බටපොත්දෙනිය
3876,ගින්නලිය හංදිය
3877,1 කි.මි. කණුව / ලි මෝල
3878,බැද්දෙවැව පන්සල
3879,මදුනාගල හංදිය/ආරණ්‍ය පාර
3880,8 කණුව/18 කිමි කණුව
3881,මහආර පාලම
3882,තලවිල ආරණ්‍ය පාර
3883,මිණිකිරුළ පුරාණ විහාරය
3884,නව මයුරපුර ම.වි/ගල්වැව
3885,අමරදේව වැව
3886,ගොඩවිල් පොකුණ
3887,මිරිජ්ජවිල/ගාලු පාර
3888,රයිගම්වත්ත හුණුකොටුව බෝධිය
3889,අරකාවිල සව්ගස් හංදිය
3890,අරුක්වත්ත
3891,පින්දෙණිය පොලිසිය
3892,සතොස කඩේ
3893,මලපලාව හංදිය
3894,කැටවල සමුපකාරය
3895,කෑල්ල හංදිය
3896,අලව්මුල්ල හංදිය
3897,ශ‍්‍රි බෝධිරුක්ඛාරාමය
3898,හිදිකිවුල
3899,හෑපොළ හංදිය
3900,ආදාඋල්පත
3901,4කි.මි.කණුව
3902,ආඬ්අම්බලම
3903,රන්පොකුණුගම හංදිය
3904,උණගහදෙනිය
3905,කොස්පැලෑන පාලම
3906,සූවාරපොළ
3907,මාවිත්තර හංදිය
3908,කුඩමාදුව
3909,දිගන හංදිය (ධර්මපාල ක.වි.)
3910,බුරුල්ලපිටිය(පල්ලිය)
3911,වැල්හේන හංදිය
3912,වීදියවත්ත හංදිය
3913,උඩුගම්පොල හංදිය
3914,බුලත්කඩේ හංදිය(අස්ගිරිය)
3915,ගම්පහ
3916,හෝලික්‍රොස්
3917,මිරිස්වත්ත හංදිය
3918,වැලිවේරිය (කඩවිදීය)
3919,ඇඹරළුව (ශ‍්‍රි සුදර්ශනාරාමය)
3920,නාරංවල හංදිය
3921,දෙල්ගොඩ හංදිය
3922,සියඹලාපේ (සම්බෝධි විහාරය)
3923,බියගම(සියඹලාපේ හංදිය)
3924,ඇන්කර් හංදිය
3925,දෙල්ගස් හන්දිය
3926,වඩු පාසල
3927,අගලවත්ත බස් නැවතුම
3928,දූල් ඇල්ල (වරකාගොඩ පාර)
3929,පිඹුර රෝහල
3930,පොලේගොඩ හංදිය
3931,දෙල්පවත්ත පාසල
3932,සෞම්‍යගම හංදිය
3933,කලවැල්ලාව පාලම
3934,වෙල්ගම පන්සල
3935,බුලත්සිංහල
3936,බුලත්සිංහල කණිෂ්ඨ විද්‍යාලය
3937,ඈගල්ඔය
3938,දෙනිකඩේ(කඩමණ්ඩිය)
3939,කොබවක පාසල
3940,කොබවක බෝධිය
3941,ගෝවින්න(තැපැල් කාර්යාලය)
3942,නාරගල හංදිය
3943,කඳන හංදිය
3944,බැල්ලපිටිය හංදිය
3945,ශ‍්‍රීපාලි විද්‍යාලය
3946,පොතුවිල් ඩිපෝව
3947,උල්ල (බුදුපිළිමය)
3948,පසිරිච්චේන අල් ඉෂ්රාක් ම.වි
3949,නාවල්ආරු (8 කි.මි. කණුව)
3950,සාස්තිරවේලි (බෝධිරාජ පිරිවෙන පාර)
3951,පානම
3952,කුඹල්වෙල
3953,පැල්මඩුල්ල
3954,සුරියකන්ද
3955,112 කි.මි. කණුව
3956,පෝද්දන හංදිය
3957,ඉත්තෑකන්ද (සිංහරාජ මහා විහාරය)
3958,ලංකාබේරිය (තේ කම්හල)
3959,නෑදොල (104 කි.මි. කණුව)
3960,නැදොලකන්ද විදුහල
3961,කීනතැන්න (100 කි.මි. කණුව)
3962,බුත්කන්ද විද්‍යාලය
3963,බුත්කන්ද
3964,හේස්වත්ත (ජන උදාන ගම්මාන පාර)
3965,හේස්වත්ත(තේ කම්හල)
3966,හේස්වත්ත(කෑලිකන්ද පාර)
3967,92 කි.මි.කණුව
3968,පනිල්කන්ද (උල්ලිදූවාව ප‍්‍රාදේශිකය)
3969,පනිල්කන්ද හංදිය (තේ කම්හල )
3970,අනිත්කන්ද (පළාත් මායිම)
3971,අනිත්කන්ද වත්ත තේ කම්හල
3972,පව්වමරම් (යටුල්ල පාර කෝවිල)
3973,හැන්ෆර්ඩ් බෝධිය (කොටපොල පාර)
3974,දෙනියාය ශාන්ත මැතිව් විදුහල
3975,ගලඋඩ
3976,වක්කුඹුර (මුස්ලිම් පල්ලිය)
3977,බෙරාමඩ විද්‍යාලය
3978,වාසනාගම හංදිය
3979,ගෝඩුන්න මහා විද්‍යාලය
3980,උණගොල්ල (මහජන පුස්තකාලය)
3981,දික්කුඹුර
3982,මුඩගමුව පන්සල
3983,මැදලපිටිය (වැවතැන්න පාර)
3984,පල්ලේවෙල/ 7 සැතපුම් කණුව
3985,කිවුලේගෙදර (පාසල් මාවත)
3986,කිරිවෙභෙර පන්සල
3987,24 කණුව (ඇකිරියවත්ත පාර)
3988,කන්දකැටිය (කහගොල්ල ආරාව පාර)
3989,තුවාරගල (2 කි.මි.කණුව)
3990,කුඩාගල හංදිය (මුවපැටික්කෙවෙල පාර)
3991,සූරියපොකුණ ම.වි.
3992,අතරගල්ලෑව පන්සල
3993,16 කිමි කණුව වී මෝල
3994,ඇලහැර
3995,22 කිමි කණුව
3996,ඇලහැර වේල්ල පාර
3997,දෙවරාදපොල ප‍්‍රාථමික විද්‍යාලය
3998,අඹන හංදිය (ප‍්‍රජාශාලාව)
3999,අඹන කඩමණ්ඩිය (කබරව පාර)
4000,කෝන්ගහවෙල හංදිය
4001,මැදපිහිල්ල (12 කිමි කණුව)
4002,කඩවත කඩමණ්ඩිය
4003,තලාගොඩ හංදිය
4004,කොටබෝව
4005,ගංගොඩගම හන්දිය (උමංගල පන්සල පාර)
4006,මාතර/හම්බන්තොට දිස්.මායිම
4007,නිහිළුව හංදිය/ නිහිළුව ම.වි
4008,ශ‍්‍රි සුදර්ශනාරාමය/වටරක්ගොඩ
4009,බෙලිඅත්ත බස් නැවතුම
4010,නලගම හන්දිය/ජල සම්පාදන පාර
4011,4 වන ගාස්තු අවස්ථාව
4012,3වන ගාස්තු අවස්ථාව
4013,2 වන ගාස්තු අවස්ථාව
4014,හම්බන්තොට(වනජීවී කාර්යාලය)
4015,ගබඩා හංදිය(කෝසලාරාමය)
4016,උඩමලල(අන්දරේ සොහොන)
4017,උඩමලල(248/1පාලම)
4018,පල්ලේමලල(බඳගිරිය පාර)
4019,බුන්දල හංදිය(කිරින්ද පාර)
4020,වැලිගැත්ත(විහාරමහාදේවී පාර)
4021,යකඩ පාලම හංදිය
4022,මඩුවෙගෙදර හංදිය
4023,ඇපලවත්ත අම්බලම
4024,සපුගස්තැන්න (කරස්නාගල පාර)
4025,දංඩුන්නාව(නිකහැටිකන්ද පාර)
4026,ගල්බැම්ම (නඩුවත්ත පාර)
4027,ගෝණගල්දෙනිය
4028,දළුවලාන ශ‍්‍රී නන්දනාරාමය
4029,5 කණුව (පෙමිසිසිගම)
4030,වහකුල ගේට්ුව
4031,කොට්ටන්ගහමුල(බටුවිට පාර)
4032,මුල්ගම (බෝධිය)
4033,1 කණුව (සෝමරත්න වැඩිහිටි නිවස)
4034,පීල්ල
4035,පිටවල්ගමුව ක.වි
4036,ගොඩවෙල හංදිය
4037,ශාරිපුත්තාරාමය
4038,නරවල්පිට ම.ම.වි
4039,බේරුවේවෙල කන්ද මුදුන
4040,කුඹුගොඩආර රතනාරාමය
4041,ඇඹිලිපිටිය නව නගර ආර්ථික පාර
4042,ගනේතැන්න උපරතන විද්‍යාලය
4043,ඊරියතොට හන්දිය
4044,ඇල්ලවෙල වැව් සොරොව්ව
4045,4 සැතපුම් කණුව/ජයතිලක ගම
4046,බටුපැලේ හංදිය
4047,මීඇල්ල (විද්‍යාරාජ පිරිවෙන)
4048,කුණුමුල්දෙනිය(පුරාණ විහාරය)
4049,දළුවක්ගොඩ ධර්මායතනය
4050,වැලිඅමුණ පාලම
4051,හොරේවෙල මහා විද්‍යාලය
4052,රදනිආර (සුධර්මාරාමය)
4053,පිටකන්ද (වික‍්‍රමසූරිය මාවත)
4054,කිරිමැටිය(පොල)
4055,කටුවන හංදිය (ඌරුබොක්ක පාර)
4056,දඹගස්ආර හංදිය
4057,හට්පහ හන්දිය
4058,නුගේ හංදිය
4059,සර්කිට් හංදිය
4060,සමදරාව
4061,කවිවිගල්ආර
4062,කාරියවඩිත්ත
4063,පලික්කුඩාව (බේ හෝටලය)
4064,තලාපිටිය හංදිය
4065,නාගහවත්ත පෙදෙස
4066,කරමැටිය පොල
4067,බඩගහදෙනිය
4068,සමඟිපුර හමුදා කඳවුර
4069,වාරිමාර්ග හංදිය
4070,පුංචි වැව
4071,වැලිආර
4072,අඟුණකොලපැලැස්ස
4073,කළවැල්ගල කණිෂ්ඨ විද්‍යාලය
4074,15 කණුව(ගල්කොටුකන්ද)
4075,කිවුල
4076,කහකුරුල්ලන්පැලැස්ස
4077,බලහරුව හංදිය
4078,අරඹේකෙම
4079,මයිලවල
4080,හම්බෙගමුව
4081,දළුත්ගල (28 කි.මි. කණුව)
4082,කූකූල්කටුව හංදිය
4083,අලුත්වැව බෝගස
4084,මිල්ලගල (34 කි.මි. කණුව)
4085,දහයියාගල
4086,බෝගස්වැව ආරාමය
4087,කොටවෙභෙරමංකඩ පාසල
4088,මෝඩඇල රුහුණු බස් සමාගම
4089,මකුළුව හංදිය
4090,වලහන්දූව හංදිය
4091,ගල්වැටවත්ත හංදිය
4092,පින්නදූව/අක්මීමන ප‍්‍රා.ස
4093,කුරුඳුවත්ත හංදිය/කරාපිටිය පාර
4094,ගොනාමුල්ල හංදිය/කැටැන්දොල පාර
4095,තල්ගම්පොල හංදිය/අටහවුල පාර
4096,කොට්ටව හංදිය
4097,මාකුඹුර හංදිය/යක්කලමුල්ල පාර
4098,තෙල්ලඹුර 17 හංදිය
4099,අකුලහේන හංදිය
4100,නාකියාදෙණිය/දිද්දොල පාර
4101,තලංගහවත්ත පාර
4102,අළුත්වත්ත කඩමණ්ඩිය
4103,සුදුවැලිපොත/ඉහලගම පාර
4104,උඩුගම දිසා රෝහල
4105,තලාගස් හන්දිය
4106,ආරච්චිකන්ද රෝහල
4107,ගෝනපීනුවල (ඇල්පිටිය පාර)
4108,වවුලුගල (තැපැල් කාර්යාලය)
4109,හල්පාතොට හංදිය
4110,බද්දේගම බස්නැවතුම්පල
4111,සන්දරවල
4112,ගඟබඩ තේ කම්හල
4113,ඇල්ලකන්ද හංදිය
4114,ඉඳුරුපත්විල හංදිය
4115,ලේල්වල (උපතැපැල් කාර්යාලය)
4116,වඳුරඹ බස්නැවතුම්පල
4117,රියෝවත්ත හංදිය
4118,තැඹිලිගස්වත්ත (විල්ගමු රජමහාවිහාරය)
4119,නැවුන්ගල ක.වි
4120,යක්කලමුල්ල බස්නැවතුම්පල
4121,වේරගොඩ ගොවිජනසේවා කාර්යාලය
4122,මීටියාගොඩ හංදිය
4123,නින්දාන (බොරළුවතොට පාර)
4124,බටපොල
4125,කහටපිටිය කණිෂ්ඨ විද්‍යාලය
4126,මානම්පිට (පියදර්ශනාරාම පන්සල පාර)
4127,අම්පේගම හංදිය
4128,වෑනියවෙල අම්බලම හංදිය
4129,දූනවත්ත (කිරිබතාවිල ක.වි)
4130,බද්දේගම
4131,වෑත්තෑව (සමාධි අසපුව පාර)
4132,අගලවත්ත බස්නැවතුම
4133,බෙල්ලන හංදිය
4134,කිතුල්ගොඩ (බයිලකන්ද හංදිය)
4135,වැදිකන්ද හංදිය
4136,දියපත්තුගම හංදිය (තව්තිසා විහාරය)
4137,පොල්ගම්පල හංදිය
4138,මීගහතැන්න හංදිය
4139,කුම්බදූව හංදිය
4140,ගොරකදූව හංදිය
4141,නැදුන්වත්ත
4142,පියරත්න විදුහල
4143,පිටිගල (සණස)
4144,ගෝමටේ
4145,දෙද්දූව
4146,හබුරුගල
4147,කහහේන්තොට
4148,බටුකනත්ත
4149,ඌරගහ
4150,බෝධිරාජාරාමය
4151,යටගල
4152,හිපන්කන්ද
4153,අටකොහොට
4154,නවදගල
4155,බටුවන්හේන
4156,පැලවින්න
4157,දම්මුල්ල
4158,එතනගොඩ පාලම
4159,සේනකඩේ
4160,කරඳන
4161,දෙහිගස්මුල්ල
4162,ඉද්දගොඩ හංදිය
4163,රත්නගල ෆැක්ටරිය
4164,කැන්දකඩුව හංදිය
4165,නෑබඩ
4166,උඩෝවිට හංදිය
4167,වරකාගොඩ හංදිය
4168,ටෙම්පෝ හංදිය
4169,කරන්නාගොඩ තොටුපල
4170,නාර්තුපාන පාලම
4171,අඟුරුවාතොට පොලීසිය හංදිය
4172,මදුරාවල ප‍්‍රාදේශ්‍රීය ලේකම් කාර්යාලය
4173,පොල්ගස්ඕවිට
4174,කහතුඩුව හංදිය
4175,හයිඩ‍්‍රාමනී
4176,කෝරලේඉම වංගුව
4177,ගෝනපොල
4178,කුඹුක පාලම
4179,පහල ගලතුර
4180,ගලතුර
4181,මැද ගලතුර 3 කණුව
4182,සිංහලගොඩ
4183,ඇල්ලහේන
4184,ඉන්දොලවත්ත විතානගම විද්‍යාලය
4185,අයගම බස්නැවතුම්පල
4186,1 කණුව (ඇරූපෝරුව පන්සල)
4187,උඩුගල කඩමණ්ඩිය
4188,පරගල පන්සල පාර
4189,පිඹුර පාලම
4190,නිකගොඩ 7 කණුව
4191,නිකගොඩ පන්සල
4192,බටමණ්ඩිය
4193,නිකගොඩ හංදිය
4194,ගල්කැටිය (සුදුවැලිපොත වත්ත)
4195,තපස්සරකන්ද
4196,කලවාන බස්නැවතුම්පල
4197,බෙල්ලන හංදිය පැලවත්ත පාර
4198,බෙල්ලන ධර්මපාල පිරිවෙණ
4199,මාවතවත්ත හංදිය
4200,ලත්පඳුර හංදිය
4201,බදුරලිය
4202,හැඩිගල්ල පාර පාලම
4203,සීලදොල හංදිය (බටහේන පාර)
4204,මොරපිටිය හංදිය වීදියබණ්ඩාර විදුහල
4205,අත්වැල්තොට හංදිය
4206,අහස් බෝක්කුව
4207,සමන් දේවාලය
4208,කොඩිප්පිලි කන්ද
4209,නවගලකන්ද පාර
4210,කුකුලේගඟ පාර
4211,කුකුලේගම මීපාගම පාර
4212,නිකගොඩ හංදිය/අයගම පාර
4213,පුටුපාහින්න (පරණ 1 කණුව)
4214,මොරහැල පන්සල හන්දිය
4215,පාගල් ඕවිට (ඉඹුල්පේ ප‍්‍රාදේශ්‍රීය සභාව)
4216,කෙසෙල්කොටුව හන්දිය
4217,උඩගම කනිෂ්ඨ විද්‍යාලය
4218,පින්නවල
4219,14 කිමි කණුව
4220,පුදුකාඩුව හංදිය
4221,පීටර් කඩේ
4222,ගලගෙයාමඩ (විදුලිබලාගාර පාර)
4223,වනසංරක්ෂණ කාර්යාලය
4224,කැලේ බෝඩ්
4225,29 කිමි කණුව
4226,පෙදරාසිය පොලිස් මුරපොල
4227,ගලබඩ හංදිය
4228,15 කිමි කණුව
4229,බගවන්තලාව කඩවීදිය
4230,හැටන් බස්නැවතුම්පල
4231,සියඹලේ හංදිය
4232,කච්චිගල්ආර හංදිය
4233,ජිනදාස වීරසිංහ මාවත
4234,තාලිගල
4235,වීරියගම ගාල්ලේ කඩේ
4236,බෝධිරාජපුර හංදිය
4237,රන්වැලිගම පොළ
4238,කිරිඉබ්බන්වැව හංදිය
4239,නිහිළුව ජනසළු ආයතනය
4240,නිහිළුව හංදිය
4241,වහරක්ගොඩ ශ‍්‍රී සුදර්ශනාරාමය
4242,නාකලගමුව(මුස්ලිම් පල්ලිය)
4243,මතව(රෝහල පාර)
4244,කටුපිටිය(7 කිමි කණුව)
4245,ගම්බල(සිරිසඟබෝ ම.වි)
4246,ගම්බල(10 කණුව)
4247,කොටවැල්ල ක.වි
4248,වැලිගමුව ක.වි
4249,තල්දෑව(වෘ.පු.ම)
4250,රඹුක්කන
4251,හඳුගල(සරණපාල මාවත)
4252,සේරුවාගල(3 කිමි කණුව)
4253,දොඹේමඩ ක.වි
4254,කුඩාගම(පොල්ගහවෙල පාර)
4255,උඩදෙනිය (වලගම්බා ම.වි)
4256,දැලිවල මහා විද්‍යාලය
4257,වහව(වල්ග පාර)
4258,භෙවන්තැන්නේගම දකුණ
4259,පුම්බෝගම හංදිය
4260,කටුකැලියාව
4261,උදුරාව හල්මිල්ලෑව
4262,ඹේවටවන හංදිය
4263,කඩදෙනවැව (18 කිමි කණුව)
4264,ගල්කිරියාගම
4265,ඉනාමළුව හංදිය
4266,රොටවැව
4267,රංගිරිගම හංදිය
4268,කිඹිස්ස ගුවන්හමුදා හංදිය
4269,සීගිරිය
4270,නාමිණිඔය (ඛෙත්තාරාම විහාරය)
4271,දේවගිරි හංදිය
4272,ගුරුවෙලයාය හං÷ිුය
4273,බෝගහවැව බෝධිරුක්ඛාරාමය
4274,බෝගහවැව ට‍්‍රාන්ස්ෆෝමරය
4275,මාරක ශ‍්‍රී සුදර්ශනාරාමය
4276,අක්කර කාල
4277,කුඹුක්කන්ද විදුහල
4278,මැදකින්ද (සර්වෝදය බැංකුව පාර)
4279,හදුන්ගමුව
4280,ගැට්ටුවාන හංදිය
4281,මල්ලවපිටිය හංදිය
4282,උයන්දන
4283,මීගොල්ල හංදිය
4284,බරන්දන
4285,මීගස්තැන්න විහාරය
4286,කවිසිගමුව හංදිය
4287,වරකාවැහැර
4288,රිදීගම
4289,තටුපිලගොල්ල
4290,රම්බඩගල්ල විදුහල
4291,පානගමුව
4292,ඕගොඩපොල පාසල
4293,ඉලුක්පිටිය හංදිය
4294,මිලියද්ද පන්සල
4295,කැප්පෙටිගල
4296,කොටගෙදර වංගුව
4297,කට්ටප්පුව වංගුව
4298,මාරවිල පන්සල
4299,කරගහපිටිය හංදිය
4300,අංකුඹුර
4301,බෝගහගෙදර හංදිය
4302,මිරිස්සල
4303,පිටකන්ද ස්ටෝරුව
4304,වටරැක හන්දිය
4305,මුවකන්ද (කැටවල පාර)
4306,දුනුකවත්ත පාසල
4307,කන්දෙහේන කඩමණ්ඩිය
4308,පරපේ
4309,වලල්ගොඩ මහා විද්‍යාලය
4310,පරපේ හංදිය
4311,රඹුක්කන බස්නැවතුම්පල
4312,ලග්ගල
4313,හීරටිය හංදිය
4314,සියඹලාව හංදිය මින්නේරිය දේවාලය
4315,කරඳගොල්ල
4316,12 කණුව මහසෙන් මහ විදුහල
4317,මොරගහකන්ද ඇතුල්වීම
4318,මොරගහකන්ද නැරඹුම් ස්ථානය
4319,මොරගහකන්ද ෂිනෝහිඩ්‍රෝ කෑම්ප්1-2
4320,මොරගහකන්ද නිළ නිවාස
4321,මැදපිහිල්ල රාජ්‍ය දැව සංස්ථාව
4322,මොරගහකන්ද නවපාර ජෛව විවිධත්ව ව්‍යාපෘතිය
4323,මොරගහකන්ද නවපාර මාසඅ කාර්යාලය
4324,බකමුණ බස්නැවතුම්පල
4325,කොට්ටපිටිය (µමෙත‍්‍රී ක‍්‍රීඩාංගන පාර)
4326,සෝමියල් හංදිය
4327,යාය 25 (තිලක් බණ්ඩාර ක‍්‍රීඩාංගණය)
4328,අත්තනකඩවල ම.වි
4329,කෝඳුරාව රතු පාලම
4330,බිසෝකොටුව
4331,දියබෙදුම
4332,5 කණුව නාමල්වැව විද්‍යාලය
4333,පැරකුම්ගම රණවිරු ගම්මානය
4334,34 කිමි කණුව
4335,36 කිමි කණුව
4336,1 කණුව පන්සල
4337,මල්ලවපිටිය/කැප්පිටිගල පාර
4338,පීලිකඩ/තැම්පාන ජලාශ පාර
4339,පිලැස්ස උසාවිය
4340,6කණුව(අහස්යානාපිටිය හංදිය)
4341,මාවතගම බස්නැවතුම්පල
4342,9කණුව/හතරලියද්ද පාර
4343,වෑඋඩ/මල්ලිගොඩ හංදිය
4344,මැටිබොක්ක(පේශකර්ම මධ්‍යස්ථානය
4345,අක්කරවත්ත/පෙන්ගුයින් ගාමන්ට්
4346,ගලගෙදර පොලීසිය
4347,කන්දෙකුඹුර අම්බලම
4348,හෑදෙනිය/පල්ලෙකොටුව පාර
4349,අලදෙනිය/මුරුතලාව පාර
4350,නුගවෙල මහාවිද්‍යාලය
4351,4කණුව/කුළුගම්මන පාර
4352,යටිවාවල (වෘත්තීය පු.ම)
4353,තල්දූව හංදිය
4354,සමරුගම ආදර්ශ ගම්මානය
4355,නාපාවල
4356,කපුවැල්ලවත්ත හංදිය
4357,පහළ දයිගල පොදු සුසාන භූමිය
4358,ඉහල දයිගල අළුත් පාලම
4359,හාවාඑළිය/රෝහල් හංදිය
4360,කෝට්ලොජ්(පිදුරුතලාගල පාර)
4361,කඳපොල කූරවත්ත පාර
4362,ශාන්ත ජෝන් (12 කි.මි. කණුව)
4363,ශාන්ත ජෝන්වත්ත පාර
4364,රත්නායක පතන(විදුහල පාර)
4365,දියනිල්ල තැ.කා
4366,දියනිල්ල ආයුර්වේද බෙ.ශාලාව
4367,හරස්බැද්ද සිංහල ම.වි
4368,මහඌව දෙවන කොටස(පාලම)
4369,මහඌව වත්ත
4370,මිල්ලපිටිය (39 සැතපුම් කණුව)
4371,තැන්නේ කුඔුර
4372,බු වැලිකඩ
4373,හතාගොඩ පන්සල
4374,පනාපිටිය
4375,වාගොල්ල
4376,යක්ඇල්ල
4377,බුලත්කොහුපිටිය
4378,වෙභෙරගොඩැල්ල ම.ම.වි
4379,වෙනිවැල්ආර (පුංචි බෝගස)
4380,නුගේ හංදිය (විහාරගල පුරාන විහාරය)
4381,සුරියවැව බස්නැවතුම
4382,මදුනාගල හංදිය
4383,අන්දරවැව හංදිය
4384,බුතරංකන්ද (15 කි.මි.කණුව)
4385,බොල්හිද (11 කි.මි. කණුව)
4386,ගල්වැව නව මයුර විදුහල
4387,බැල්ලගස්වැව හංදිය (අමරදේව වැව)
4388,හොඬවැල්පොකුණ හංදිය
4389,කෝනාමලෙයි (අල් සෆා මුස්ලිම් විද්‍යාලය)
4390,අරෆාත් නගර් මුස්ලිම් පල්ලිය
4391,තෙන්නමරවාඩිය
4392,සම්පත්නුවර මහාවිද්‍යාලය
4393,කල්‍යාණිපුර හංදිය
4394,ඇහැටුගස්වැව සම්බෝධි විහාරය
4395,කිරිබ්බන්වැව පන්සල
4396,නෙළුම්වැව හමුදා කඳවුර
4397,ජානකපුර පාසල
4398,ජානකපුර හමුදා කඳවුර
4399,පුංචිවැලිඔය පාසල
4400,ජානකපුර තිලකාරාමය
4401,කොහොඹගස් හංදිය ගෑමුණු බලකාය
4402,593 බලසේනා මූලස්ථානය
4403,ගුරුකන්ද පුරාණ රජමහ විහාරය(නයාරු)
4404,නයාරු කලපුව (නාවික හ ක)
4405,සෙම්මලෙයි රෝහල
4406,ආලම්පිල් හමුදා කඳවුර
4407,59 සේනාංක මූලස්ථානය
4408,සිලාවත්ත 5 කිමි කණුව
4409,සිලාවත්ත හංදිය
4410,1කිමි කණුව
4411,සෙල්වනගර් සංචාරක බංගලාව
4412,වෙල්ලමුල්ලිවයික්කාල්
4413,මුල්ලිවයික්කාල් නැගෙනහිර GTM පාසල
4414,මුල්ලිවයික්කාල් බටහිර කනිෂ්ඨ පාසල
4415,ඉරට්ටවයික්කාල් පිල්ලෙයාර් කෝවිල
4416,පුලියන්කුලම් කුලක්කඩ්ඩු
4417,මන්දුවිල් හන්දිය
4418,පුදුකුඩුඉරිප්පු හන්දිය
4419,කයිවේලි ගනේෂා විද්‍යාලය
4420,කයිවේලි හන්දිය
4421,වල්ලිපුරම් නන්දනම්පිකායි පිල්ලෙයාර් කෝවි
4422,ඉනිය වාල්වු ඉල්ලම්-සුහන්දිපුරම්
4423,උදයාර්කට්ටු විද්‍යාලය
4424,තේරවිල් ග‍්‍රාමීය රෝහල
4425,තේරවිල් වල්ලුවාර්පුර මාවත
4426,කුමාරසාමි GTM පාසල
4427,විශ්වමඩු හන්දිය
4428,ගුවන් හමුදා විද්‍යාපීඨය
4429,නාච්චිකුඩා හංදිය
4430,කින්නියා බස් නැවතුම්පොල
4431,උප්පුආරු පාලම
4432,අල් හිදායා විද්‍යාලය
4433,ගංගෙයි පාලම
4434,ඉරාල්කුලි පාලම
4435,අරාබි විද්‍යාල පාර
4436,64 කනුව (පල්ලිය)
4437,ජින්නා නගර්
4438,නීලපොල හන්දිය
4439,කිලිවෙඩ්ඩි පාලම
4440,සණ්පහවල්ලි විද්‍යාලය-තංගනගර්
4441,සේරුවිල පන්සල් හන්දිය
4442,පූනගර් කෝවිල පාර
4443,ඊච්චලම්පත්තු හන්දිය
4444,76 කි.මී. කණුව
4445,කදිරවේලි සංචාරක උද්‍යානය
4446,කුච්චකර්ණි හන්දිය
4447,පාල්චේනෙයි දෙමළ විද්‍යාලය
4448,වම්මිවට්ටවාන් විද්‍යාලය
4449,හැළඹ වැව පාලම
4450,හැළඹ වැව විහාරය
4451,යාය 11 (සුමිත් කඩේ)
4452,සිංහපුර පන්සල් හන්දිය
4453,සිංහපුර අපේ කඩේ
4454,තෙන්නමරන් හන්දිය
4455,නාවික කඳවුර සපත්තු පාලම
4456,යකඩ පාලම
4457,පල්ලෙකන්ද පල්ලිය පාර(සුරුවම)
4458,වෙල්ලමුන්දලම 42 කිමි
4459,50 කිමි කණුව
4460,කොලන්කන්න ND
4461,පෙරියවිල්ලු
4462,පලුගහතුරෙයි ND
4463,මයිලවිල්ලු ND
4464,කුදිරමලෙයි වැව පාර
4465,මරිච්චුක්කට්ටි 43 කිමි කණුව
4466,පුක්කුලම ND
4467,මෝදර ගඟ පාලම්දෙක
4468,මරිච්චුක්කට්ටි නාවික කඳවුර
4469,මරිච්චුක්කට්ටි ගොවි.ජ.සේ.ම
4470,කායක්කුලි මුස්ලිම් පල්ලිය
4471,කොක්කුපඩයන් පොලිස් බලකාය
4472,සිලාවතුර ධීවර කාර්යාලය
4473,සිලාවතුර(මුරුන්කන්පාර)
4474,පුදුවේලි පුදුවේලි
4475,අහත්තිමුරුප්පු අහත්තිමුරුප්පු
4476,පොට්කේනි මුස්ලිම් පල්ලිය
4477,වෙප්පම්කුලම් මුස්ලිම් පල්ලිය
4478,පරිහාරිකන්ඩල් හංදිය
4479,සුරිකන්ඩල් ග‍්‍රාම.නි.කා
